"A/B","Dept ","UNFI UPC","Item #","Vendor","Pack Size","Description","featured or tpr","line notes","Reg Case","Total Discount","Sale Case","Rebate per unit","Net Sale Unit","Sale Price","Margin"
"TPR","Body Care","1-87132-00210-9","C210","Alaffia","6/2 OZ","SHEA AND RED PALM NURTURING LOTION, TRAVEL","TPR","Direct",$10.74,20%,$8.59,,$1.43,$2.69,47%
"TPR","Body Care","1-87132-00211-6","C211","Alaffia","6/2 OZ","SHEA BUTTER BODY MILK, TRAVEL","TPR","Direct",$10.74,20%,$8.59,,$1.43,$2.69,47%
"TPR","Body Care","1-87132-00212-3","C212","Alaffia","6/2 OZ","SHEA BUTTER KOLA GINGER LOTION, TRAVEL","TPR","Direct",$10.74,20%,$8.59,,$1.43,$2.69,47%
"TPR","Body Care","1-87132-00213-0","C213","Alaffia","6/2 OZ","HONEY AND SHEA NOURISHING SHAMPOO, TRAVEL","TPR","Direct",$10.74,20%,$8.59,,$1.43,$2.69,47%
"TPR","Body Care","1-87132-00214-7","C214","Alaffia","6/2 OZ","HONEY AND SHEA NOURISHING CONDITIONER, TRAVEL","TPR","Direct",$10.74,20%,$8.59,,$1.43,$2.69,47%
"TPR","Body Care","1-87132-00215-4","C215","Alaffia","6/2 OZ","SHEA AND VIRGIN COCONUT ENRICHING SHAMPOO, TRAVEL","TPR","Direct",$10.74,20%,$8.59,,$1.43,$2.69,47%
"TPR","Body Care","1-87132-00216-1","C216","Alaffia","6/2 OZ","SHEA AND VIRGIN COCONUT ENRICHING HAIR LOTION, TRAVEL","TPR","Direct",$10.74,20%,$8.59,,$1.43,$2.69,47%
"TPR","Body Care","1-87132-00045-7","C045","Alaffia","24/.15 OZ","SHEA BUTTER AND RED PALM LIP BALM, TANGERINE-CLOVE","TPR","Direct",$43.05,20%,$34.44,,$1.44,$2.69,47%
"TPR","Body Care","1-87132-00085-3","C085","Alaffia","24/.15 OZ","SHEA AND COCOA BUTTER LIP BALM, NATURAL MOCHA","TPR","Direct",$43.05,20%,$34.44,,$1.44,$2.69,47%
"TPR","Body Care","1-87132-00086-0","C086","Alaffia","24/.15 OZ","SHEA BUTTER AND BAOBAB LIP BALM, ORANGE-MINT","TPR","Direct",$43.05,20%,$34.44,,$1.44,$2.69,47%
"TPR","Body Care","1-87132-00069-3","S069","Alaffia","EA 3 OZ","COCOA BUTTER SOAP, VANILLA MOCHA","TPR","Direct",$2.37,20%,$1.90,,$1.90,$3.49,46%
"TPR","Body Care","1-87132-00072-3","S072","Alaffia","EA 3 OZ","COCONUT AND SHEA BUTTER SOAP, REFRESHING COCONUT","TPR","Direct",$2.37,20%,$1.90,,$1.90,$3.49,46%
"TPR","Body Care","1-87132-00073-0","S073","Alaffia","EA 3 OZ","RED PALM AND SHEA BUTTER SOAP W/ MELON SEED, AFRICAN SUNSET","TPR","Direct",$2.37,20%,$1.90,,$1.90,$3.49,46%
"TPR","Body Care","1-87132-00075-4","S075","Alaffia","EA 3 OZ","SHEA BUTTER FACIAL SOAP W/ROOIBOS AND GOATS MILK, YLANG YLANG","TPR","Direct",$2.37,20%,$1.90,,$1.90,$3.49,46%
"TPR","Body Care","1-87132-00080-8","S080","Alaffia","EA 3 OZ","SHEA BUTTER SOAP, LAVENDER MINT","TPR","Direct",$2.37,20%,$1.90,,$1.90,$3.49,46%
"TPR","Body Care","1-87132-00083-9","S083","Alaffia","EA 3 OZ","SHEA BUTTER SPA SOAP W/DEAD SEA SALT, ROSEMARY EUCALYPTUS","TPR","Direct",$2.37,20%,$1.90,,$1.90,$3.49,46%
"TPR","Body Care","1-87132-00084-6","S084","Alaffia","EA 3 OZ","SHEA BUTTER AND AFRICAN WILD HONEY SOAP, UNSCENTED","TPR","Direct",$2.37,20%,$1.90,,$1.90,$3.49,46%
"TPR","Body Care","1-87132-00143-0","S143","Alaffia","EA 3 OZ","SHEA BUTTER AND GOATS MILK DAILY TONING FACIAL SOAP","TPR","Direct",$2.37,20%,$1.90,,$1.90,$3.49,46%
"TPR","Body Care","1-87132-00193-5","S193","Alaffia","EA 3 OZ","ROOIBOS AND SHEA BUTTER ANTIOXIDANT GOAT MILK SOAP","TPR","Direct",$2.37,20%,$1.90,,$1.90,$3.49,46%
"TPR","Body Care","1-87132-00194-2","S194","Alaffia","EA 3 OZ","GREEN TEA AND SHEA BUTTER REVITALIZING GOAT MILK SOAP","TPR","Direct",$2.37,20%,$1.90,,$1.90,$3.49,46%
"TPR","Body Care","1-87132-00195-9","S195","Alaffia","EA 3 OZ","COFFEE AND SHEA BUTTER CAF AU LAIT GOAT MILK SOAP","TPR","Direct",$2.37,20%,$1.90,,$1.90,$3.49,46%
"TPR","Body Care","1-87132-00151-5","S151","Alaffia","EA .8 OZ","ALAFFIA BASICS NEEM OIL","TPR","Direct",$4.17,20%,$3.34,,$3.34,$5.99,44%
"TPR","Body Care","1-87132-00001-3","S001","Alaffia","EA 2 OZ","BLISSFUL BABY BALM, UNSCENTED","TPR","Direct",$4.77,20%,$3.82,,$3.82,$6.99,45%
"TPR","Body Care","1-87132-00042-6","S042","Alaffia","EA 2 OZ","SHEA BUTTER HAND AND BODY BALM, ROSE GERANIUM","TPR","Direct",$4.77,20%,$3.82,,$3.82,$6.99,45%
"TPR","Body Care","1-87132-00012-9","S012","Alaffia","EA 8 OZ","AFRICAN BLACK LIQUID SOAP, UNSCENTED","TPR","Direct",$5.37,20%,$4.30,,$4.30,$7.99,46%
"TPR","Body Care","1-87132-00013-6","S013","Alaffia","EA 8 OZ","AFRICAN BLACK LIQUID SOAP, SAVANNA SPICE","TPR","Direct",$5.37,20%,$4.30,,$4.30,$7.99,46%
"TPR","Body Care","1-87132-00233-8","C233","Alaffia","12/.5 OZ","FACIAL SERUM SET","TPR","Direct",$69.99,20%,$55.99,,$4.67,$8.69,46%
"TPR","Body Care","1-87132-00230-7","C230","Alaffia","4/.5 OZ","BAOBAB OIL FACIAL SERUM","TPR","Direct",$23.88,20%,$19.10,,$4.78,$8.69,45%
"TPR","Body Care","1-87132-00231-4","C231","Alaffia","4/.5 OZ","MELON SEED FACIAL SERUM","TPR","Direct",$23.88,20%,$19.10,,$4.78,$8.69,45%
"TPR","Body Care","1-87132-00232-1","C232","Alaffia","4/.5 OZ","SESAME OIL FACIAL SERUM","TPR","Direct",$23.88,20%,$19.10,,$4.78,$8.69,45%
"TPR","Body Care","1-87132-00007-5","S007","Alaffia","EA 8 OZ","SHEA BUTTER MOISTURIZING LOTION, UNSCENTED","TPR","Direct",$6.57,20%,$5.26,,$5.26,$9.59,45%
"TPR","Body Care","1-87132-00009-9","S009","Alaffia","EA 2 OZ","HANDCRAFTED SHEA BUTTER, UNSCENTED","TPR","Direct",$6.57,20%,$5.26,,$5.26,$9.59,45%
"TPR","Body Care","1-87132-00010-5","S010","Alaffia","EA 2 OZ","HANDCRAFTED SHEA BUTTER, LAVENDER/MINT","TPR","Direct",$6.57,20%,$5.26,,$5.26,$9.59,45%
"TPR","Body Care","1-87132-00011-2","S011","Alaffia","EA 2 OZ","HANDCRAFTED SHEA BUTTER, SAVANNA SPICE","TPR","Direct",$6.57,20%,$5.26,,$5.26,$9.59,45%
"TPR","Body Care","1-87132-00025-9","S025","Alaffia","EA 8 OZ","SHEA BUTTER MOISTURIZING LOTION, LAVENDER MINT","TPR","Direct",$6.57,20%,$5.26,,$5.26,$9.59,45%
"TPR","Body Care","1-87132-00026-6","S026","Alaffia","EA 8 OZ","SHEA BUTTER MOISTURIZING LOTION, TANGERINE GINGER","TPR","Direct",$6.57,20%,$5.26,,$5.26,$9.59,45%
"TPR","Body Care","1-87132-00120-1","S120","Alaffia","EA 8 OZ","NEEM AND SHEA BUTTER SCALP RECOVERY SHAMPOO","TPR","Direct",$6.57,20%,$5.26,,$5.26,$9.59,45%
"TPR","Body Care","1-87132-00121-8","S121","Alaffia","EA 8 OZ","VIRGIN COCONUT AND SHEA DAILY HYDRATING SHAMPOO","TPR","Direct",$6.57,20%,$5.26,,$5.26,$9.59,45%
"TPR","Body Care","1-87132-00122-5","S122","Alaffia","EA 8 OZ","SHEA BUTTER AND HONEY NOURISHING SHAMPOO","TPR","Direct",$6.57,20%,$5.26,,$5.26,$9.59,45%
"TPR","Body Care","1-87132-00123-2","S123","Alaffia","EA 8 OZ","SHEA BUTTER AND HENNA MOISTURIZING SHAMPOO","TPR","Direct",$6.57,20%,$5.26,,$5.26,$9.59,45%
"TPR","Body Care","1-87132-00124-9","S124","Alaffia","EA 8 OZ","SHEA AND VIRGIN COCONUT ENRICHING SHAMPOO","TPR","Direct",$6.57,20%,$5.26,,$5.26,$9.59,45%
"TPR","Body Care","1-87132-00125-6","S125","Alaffia","EA 8 OZ","KOLA, GINGER AND SHEA FORTIFYING SHAMPOO","TPR","Direct",$6.57,20%,$5.26,,$5.26,$9.59,45%
"TPR","Body Care","1-87132-00126-3","S126","Alaffia","EA 8 OZ","SHEA AND COFFEE REVITALIZING SHAMPOO","TPR","Direct",$6.57,20%,$5.26,,$5.26,$9.59,45%
"TPR","Body Care","1-87132-00130-0","S130","Alaffia","EA 8 OZ","NEEM AND SHEA BUTTER SCALP RECOVERY CONDITIONER","TPR","Direct",$6.57,20%,$5.26,,$5.26,$9.59,45%
"TPR","Body Care","1-87132-00131-7","S131","Alaffia","EA 8 OZ","VIRGIN COCONUT AND SHEA DAILY HYDRATING CONDITIONER","TPR","Direct",$6.57,20%,$5.26,,$5.26,$9.59,45%
"TPR","Body Care","1-87132-00132-4","S132","Alaffia","EA 8 OZ","SHEA BUTTER AND HONEY NOURISHING CONDITIONER","TPR","Direct",$6.57,20%,$5.26,,$5.26,$9.59,45%
"TPR","Body Care","1-87132-00133-1","S133","Alaffia","EA 8 OZ","SHEA BUTTER AND HENNA MOISTURIZING CONDITIONER","TPR","Direct",$6.57,20%,$5.26,,$5.26,$9.59,45%
"TPR","Body Care","1-87132-00134-8","S134","Alaffia","EA 8 OZ","SHEA AND VIRGIN COCONUT ENRICHING HAIR LOTION","TPR","Direct",$6.57,20%,$5.26,,$5.26,$9.59,45%
"TPR","Body Care","1-87132-00135-5","S135","Alaffia","EA 8 OZ","KOLA, GINGER AND SHEA FORTIFYING CONDITIONER","TPR","Direct",$6.57,20%,$5.26,,$5.26,$9.59,45%
"TPR","Body Care","1-87132-00136-2","S136","Alaffia","EA 8 OZ","SHEA AND COFFEE REVITALIZING CONDITIONER","TPR","Direct",$6.57,20%,$5.26,,$5.26,$9.59,45%
"TPR","Body Care","1-87132-00185-0","S185","Alaffia","EA 2 OZ","HANDCRAFTED SHEA BUTTER, VANILLA ALMOND","TPR","Direct",$6.57,20%,$5.26,,$5.26,$9.59,45%
"TPR","Body Care","1-87132-00190-4","S190","Alaffia","EA 2 OZ","ANTIOXIDANT SHEA BUTTER","TPR","Direct",$6.57,20%,$5.26,,$5.26,$9.59,45%
"TPR","Body Care","1-87132-00058-7","S058","Alaffia","EA 8 OZ","VIRGIN COCONUT HYDRATING LOTION, REF. COCONUT","TPR","Direct",$7.17,20%,$5.74,,$5.74,$10.49,45%
"TPR","Body Care","1-87132-00060-0","S060","Alaffia","EA 8 OZ","NEEM AND SHEA BUTTER THERAPEUTIC LOTION, SAVANNA MORNING","TPR","Direct",$7.17,20%,$5.74,,$5.74,$10.49,45%
"TPR","Body Care","1-87132-00061-7","S061","Alaffia","EA 8 OZ","COCOA BUTTER INTENSIVE LOTION, VANILLA MOCHA","TPR","Direct",$7.17,20%,$5.74,,$5.74,$10.49,45%
"TPR","Body Care","1-87132-00164-5","S164","Alaffia","EA 8 OZ","SHEA AND ROOIBOS ANTIOXIDANT BODY LOTION","TPR","Direct",$7.17,20%,$5.74,,$5.74,$10.49,45%
"TPR","Body Care","1-87132-00165-2","S165","Alaffia","EA 8 OZ","SHEA AND COFFEE CAFE AU LAIT BODY LOTION","TPR","Direct",$7.17,20%,$5.74,,$5.74,$10.49,45%
"TPR","Body Care","1-87132-00166-9","S166","Alaffia","EA 8 OZ","SHEA AND GREEN TEA REVITALIZING BODY LOTION","TPR","Direct",$7.17,20%,$5.74,,$5.74,$10.49,45%
"TPR","Body Care","1-87132-00186-7","S186","Alaffia","EA 8 OZ","SHEA BUTTER BODY MILK W/ AFRICAN WILD HONEY, ALMD VAN","TPR","Direct",$7.17,20%,$5.74,,$5.74,$10.49,45%
"TPR","Body Care","1-87132-00187-4","S187","Alaffia","EA 8 OZ","SHEA AND RED PALM NURTURING LOTION, MANGO CITRUS","TPR","Direct",$7.17,20%,$5.74,,$5.74,$10.49,45%
"TPR","Body Care","1-87132-00198-0","S198","Alaffia","EA 8 OZ","KOLA GINGER SHEA LOTION, GING. SPICE","TPR","Direct",$7.17,20%,$5.74,,$5.74,$10.59,46%
"TPR","Body Care","1-87132-00002-0","S002","Alaffia","EA 4 OZ","VIRGIN COCONUT OIL CREAM, FRESH COCONUT","TPR","Direct",$7.77,20%,$6.22,,$6.22,$11.49,46%
"TPR","Body Care","1-87132-00065-5","S065","Alaffia","EA 4 OZ","COCOA BUTTER CREAM, VANILLA MOCHA","TPR","Direct",$7.77,20%,$6.22,,$6.22,$11.49,46%
"TPR","Body Care","1-87132-00067-9","S067","Alaffia","EA 4 OZ","SHEA BUTTER MOISTURIZING CREAM, SAVANNA RAIN","TPR","Direct",$7.77,20%,$6.22,,$6.22,$11.49,46%
"TPR","Body Care","1-87132-00181-2","S181","Alaffia","EA 3.4 OZ","ROOIBOS AND SHEA ANTIOXIDANT FACIAL CLEANSER","TPR","Direct",$8.37,20%,$6.70,,$6.70,$11.99,44%
"TPR","Body Care","1-87132-00182-9","S182","Alaffia","EA 3.4 OZ","ROOIBOS AND SHEA ANTIOXIDANT FACIAL TONER","TPR","Direct",$8.37,20%,$6.70,,$6.70,$11.99,44%
"TPR","Body Care","1-87132-00191-1","S191","Alaffia","EA 4 OZ","SHEA BUTTER ANTIOXIDANT BODY CREAM","TPR","Direct",$9.50,20%,$7.60,,$7.60,$13.99,46%
"TPR","Body Care","1-87132-00192-8","S192","Alaffia","EA 4 OZ","SHEA BUTTER UNSCENTED BODY CREAM","TPR","Direct",$9.50,20%,$7.60,,$7.60,$13.99,46%
"TPR","Body Care","1-87132-00005-1","S005","Alaffia","EA 2.3 OZ","ROOIBOS AND SHEA ANTIOXIDANT FACE CREAM","TPR","Direct",$9.57,20%,$7.66,,$7.66,$13.99,45%
"TPR","Body Care","1-87132-00063-1","S063","Alaffia","EA 2.3 OZ","BAOBAB AND SHEA BUTTER SKIN RENEWAL CREAM","TPR","Direct",$10.17,20%,$8.14,,$8.14,$14.99,46%
"TPR","Body Care","1-87132-00064-8","S064","Alaffia","EA 2.3 OZ","NEEM AND SHEA BUTTER SKIN RECOVERY CREAM","TPR","Direct",$10.17,20%,$8.14,,$8.14,$14.99,46%
"TPR","Body Care","1-87132-00183-6","S183","Alaffia","EA 3.4 OZ","SHEA BUTTER DAILY CLEANSING MILK","TPR","Direct",$10.17,20%,$8.14,,$8.14,$14.99,46%
"TPR","Body Care","1-87132-00184-3","S184","Alaffia","EA 3.4 OZ","SHEA AND BAOBAB REFRESHING FACIAL TONER","TPR","Direct",$10.17,20%,$8.14,,$8.14,$14.99,46%
"TPR","Body Care","1-87132-00141-6","S141","Alaffia","EA 2.3 OZ","SHEA BUTTER DAILY TONING FACE CREAM","TPR","Direct",$15.57,20%,$12.46,,$12.46,$22.99,46%
"TPR","Body Care","1-87132-00142-3","S142","Alaffia","EA 2.3 OZ","SHEA BUTTER NIGHT RADIANCE FACE CREAM","TPR","Direct",$15.57,20%,$12.46,,$12.46,$22.99,46%
"TPR","Body Care","1-87132-00035-8","S035","Alaffia","EA","AFRICAN GRASS BASKET, ROUND W/ ONE HNDL","TPR","Direct",$21.57,20%,$17.26,,$17.26,$31.49,45%
"TPR","Body Care","1-87132-00188-1","S188","Alaffia","EA","HANDWVN AFRICAN GRASS BASKET - OVAL W/ TWO HNDLS","TPR","Direct",$21.57,20%,$17.26,,$17.26,$31.49,45%
"TPR","Body Care","1-87132-00189-8","S189","Alaffia","EA","HANDWVN AFRICAN SHOULDER BAG, ROUND","TPR","Direct",$25.67,20%,$20.54,,$20.54,$37.49,45%
"TPR","Body Care","1-87132-00500-1","C500","EveryDay Shea","6/32 OZ","EVERYDAY SHEA BODY LOTION, UNSCENTED","TPR","Direct",$42.00,20%,$33.60,,$5.60,$9.99,44%
"TPR","Body Care","1-87132-00501-8","C501","EveryDay Shea","6/32 OZ","EVERYDAY SHEA BODY LOTION, LAVENDER","TPR","Direct",$42.00,20%,$33.60,,$5.60,$9.99,44%
"TPR","Body Care","1-87132-00502-5","C502","EveryDay Shea","6/32 OZ","EVERYDAY SHEA BODY LOTION, VANILLA","TPR","Direct",$42.00,20%,$33.60,,$5.60,$9.99,44%
"TPR","Body Care","1-87132-00505-6","C505","EveryDay Shea","6/32 OZ","EVERYDAY SHEA BODY WASH, UNSCENTED","TPR","Direct",$42.00,20%,$33.60,,$5.60,$9.99,44%
"TPR","Body Care","1-87132-00506-3","C506","EveryDay Shea","6/32 OZ","EVERYDAY SHEA BODY WASH, LAVENDER","TPR","Direct",$42.00,20%,$33.60,,$5.60,$9.99,44%
"TPR","Body Care","1-87132-00507-0","C507","EveryDay Shea","6/32 OZ","EVERYDAY SHEA BODY WASH, VANILLA-MINT","TPR","Direct",$42.00,20%,$33.60,,$5.60,$9.99,44%
"TPR","Body Care","1-87132-00520-9","C520","EveryDay Shea","6/32 OZ","EVERYDAY SHEA SHAMPOO, LAVENDAR","TPR","Direct",$42.00,20%,$33.60,,$5.60,$9.99,44%
"TPR","Body Care","1-87132-00521-6","C521","EveryDay Shea","6/32 OZ","EVERYDAY SHEA CONDITIONER, LAVENDER","TPR","Direct",$42.00,20%,$33.60,,$5.60,$9.99,44%
"TPR","Body Care","1-87132-00522-3","C522","EveryDay Shea","6/32 OZ","EVERYDAY SHEA SHAMPOO, VANILLA-MINT","TPR","Direct",$42.00,20%,$33.60,,$5.60,$9.99,44%
"TPR","Body Care","1-87132-00523-0","C523","EveryDay Shea","6/32 OZ","EVERYDAY SHEA CONDITIONER, VANILLA-MINT","TPR","Direct",$42.00,20%,$33.60,,$5.60,$9.99,44%
"TPR","Body Care","7-24742-00802-4",389932,"ALBA","EA 8 OZ","FACIAL CLEANSER,PNAPL","TPR",,$6.24,20%,$5.07,,$5.07,$8.99,44%
"TPR","Body Care","7-24742-00804-8",389957,"ALBA","EA 8 OZ","FACIAL WASH,COCONUT M","TPR",,$6.24,20%,$5.07,,$5.07,$8.99,44%
"TPR","Body Care","7-24742-00806-2",389973,"ALBA","EA 8.5 OZ","FACIAL TONER,HIBISCUS","TPR",,$6.24,20%,$5.07,,$5.07,$8.99,44%
"TPR","Body Care","7-24742-00808-6",390336,"ALBA","EA 4 OZ","FACIAL SCRUB,PNAPL EN","TPR",,$6.24,20%,$5.07,,$5.07,$8.99,44%
"TPR","Body Care","7-24742-00810-9",390112,"ALBA","EA 3 OZ","FACIAL MASK,PAPAYA EN","TPR",,$6.24,20%,$5.07,,$5.07,$8.99,44%
"TPR","Body Care","7-24742-00812-3",390138,"ALBA","EA 3 OZ","MOIST,OIL FR,ALOE&GRN","TPR",,$8.65,20%,$7.03,,$7.03,$12.99,46%
"TPR","Body Care","7-24742-00814-7",390153,"ALBA","EA 3 OZ","MOISTURE CRM,JASMN&VI","TPR",,$8.65,20%,$7.03,,$7.03,$12.99,46%
"TPR","Body Care","7-24742-00816-1",390179,"ALBA","EA 1 OZ","EYE GEL,GREEN TEA","TPR",,$8.65,20%,$7.03,,$7.03,$12.99,46%
"TPR","Body Care","7-24742-00817-8",782631,"ALBA","EA 7 OZ","BODY WASH,EXFOL,PAP M","TPR",,$4.79,20%,$3.89,,$3.89,$6.99,44%
"TPR","Body Care","7-24742-00818-5",390252,"ALBA","EA 14.5 OZ","BODY SCRUB,SEA SALT","TPR",,$5.28,20%,$4.29,,$4.29,$7.99,46%
"TPR","Body Care","7-24742-00820-8",390294,"ALBA","EA 10 OZ","BODY POLISH,SUGAR CAN","TPR",,$5.28,20%,$4.29,,$4.29,$7.99,46%
"TPR","Body Care","7-24742-00822-2",390310,"ALBA","EA 6.5 OZ","BODY CREAM,PAPAYA MAN","TPR",,$6.24,20%,$5.07,,$5.07,$8.99,44%
"TPR","Body Care","7-24742-00824-6",390328,"ALBA","EA 6.5 OZ","BODY CREAM,KUKUI NUT","TPR",,$6.24,20%,$5.07,,$5.07,$8.99,44%
"TPR","Body Care","7-24742-00825-3",408609,"ALBA","EA 4 OZ","SUNBLOCK,ALOE VERA,SP","TPR",,$4.79,20%,$3.89,,$3.89,$6.99,44%
"TPR","Body Care","7-24742-00826-0",390096,"ALBA","EA 8.5 OZ","AFTER SUN LTN,KONA CO","TPR",,$5.76,20%,$4.68,,$4.68,$8.49,45%
"TPR","Body Care","7-24742-00827-7",403410,"ALBA","EA 4 OZ","SUNBLOCK,GREEN TEA,SP","TPR",,$4.79,20%,$3.89,,$3.89,$6.99,44%
"TPR","Body Care","7-24742-00828-4",390369,"ALBA","EA 7 OZ","HAND&BODY LOTN,COCOA","TPR",,$4.79,20%,$3.89,,$3.89,$6.99,44%
"TPR","Body Care","7-24742-00830-7",390351,"ALBA","EA 7 OZ","BODY WASH,PASSION FRU","TPR",,$4.79,20%,$3.89,,$3.89,$6.99,44%
"TPR","Body Care","7-24742-00831-4",408724,"ALBA","EA 4.5 OZ","SUNSCREEN,DRY OIL,SPF","TPR",,$4.79,20%,$3.89,,$3.89,$6.99,44%
"TPR","Body Care","7-24742-00834-5",389999,"ALBA","EA 8.5 OZ","MASSAGE OIL,KUKUI NUT","TPR",,$4.79,20%,$3.89,,$3.89,$6.99,44%
"TPR","Body Care","7-24742-00835-2",596593,"ALBA","24/.15 OZ","LIP BALM,PINEAPPLE QU","TPR",,$34.41,20%,$27.98,,$1.17,$2.19,47%
"TPR","Body Care","7-24742-00836-9",390195,"ALBA","24/.15 OZ","LIP BALM,PASSION FRUI","TPR",,$34.41,20%,$27.98,,$1.17,$2.19,47%
"TPR","Body Care","7-24742-00837-6",596635,"ALBA","24/.15 OZ","LIP BALM,COCONUT CREA","TPR",,$34.41,20%,$27.98,,$1.17,$2.19,47%
"TPR","Body Care","7-24742-00851-2",257618,"ALBA","EA 12 OZ","SHAMP,MOISTURIZING,MA","TPR",,$4.79,20%,$3.89,,$3.89,$6.99,44%
"TPR","Body Care","7-24742-00852-9",596437,"ALBA","EA 12 OZ","SHAMP,REPLENISH,PLUME","TPR",,$4.79,20%,$3.89,,$3.89,$6.99,44%
"TPR","Body Care","7-24742-00853-6",258087,"ALBA","EA 12 OZ","SHAMP,HYDRATE,GARDENI","TPR",,$4.79,20%,$3.89,,$3.89,$6.99,44%
"TPR","Body Care","7-24742-00854-3",596452,"ALBA","EA 12 OZ","SHAMP,NOURISHING,HNYD","TPR",,$4.79,20%,$3.89,,$3.89,$6.99,44%
"TPR","Body Care","7-24742-00856-7",596510,"ALBA","EA 12 OZ","COND,HYDRATE,GARDEN","TPR",,$4.79,20%,$3.89,,$3.89,$6.99,44%
"TPR","Body Care","7-24742-00857-4",258178,"ALBA","EA 12 OZ","SHAMP,DRY,REPAIR,COCO","TPR",,$4.79,20%,$3.89,,$3.89,$6.99,44%
"TPR","Body Care","7-24742-00858-1",596551,"ALBA","EA 12 OZ","COND,MOISTURIZING,MAN","TPR",,$4.79,20%,$3.89,,$3.89,$6.99,44%
"TPR","Body Care","7-24742-00859-8",258194,"ALBA","EA 12 OZ","COND,NOURISHING,HONEY","TPR",,$4.79,20%,$3.89,,$3.89,$6.99,44%
"TPR","Body Care","7-24742-00861-1",258251,"ALBA","EA 12 OZ","COND,EXTRA-RICH,COCON","TPR",,$4.79,20%,$3.89,,$3.89,$6.99,44%
"TPR","Body Care","7-24742-00862-8",258384,"ALBA","EA 12 OZ","COND,DRY,REPAIR,COCON","TPR",,$4.79,20%,$3.89,,$3.89,$6.99,44%
"TPR","Body Care","7-24742-00863-5",258517,"ALBA","EA 12 OZ","COND,REPLENISHING,PLU","TPR",,$4.79,20%,$3.89,,$3.89,$6.99,44%
"TPR","Body Care","7-24742-00865-9",782953,"ALBA","EA 7 OZ","BODY WASH,PAPAYA MNGO","TPR",,$4.79,20%,$3.89,,$3.89,$6.99,44%
"TPR","Body Care","7-24742-00866-6",784439,"ALBA","EA 7 OZ","BODY WASH,COCONUT MLK","TPR",,$4.79,20%,$3.89,,$3.89,$6.99,44%
"TPR","Body Care","7-24742-00868-0",784496,"ALBA","EA 6.5 OZ","BODY CREAM,COCONUT MI","TPR",,$6.24,20%,$5.07,,$5.07,$8.99,44%
"TPR","Body Care","7-24742-00874-1",914606,"ALBA","12/.42 OZ","LIPGLOSS,CLEAR,PASSIO","TPR",,$28.63,20%,$23.28,,$1.94,$3.59,46%
"TPR","Body Care","7-24742-00875-8",914622,"ALBA","12/.42 OZ","LIPGLOSS,CLEAR,PINEAP","TPR",,$28.63,20%,$23.28,,$1.94,$3.59,46%
"TPR","Body Care","7-24742-00876-5",914614,"ALBA","12/.42 OZ","LIPGLOSS,CLEAR,COCONU","TPR",,$28.63,20%,$23.28,,$1.94,$3.59,46%
"TPR","Body Care","7-24742-00891-8",230524,"ALBA","EA 5 OZ","MOIST SHAVE CRM,PAPYA","TPR",,$2.39,20%,$1.94,,$1.94,$3.59,46%
"TPR","Body Care","7-24742-00892-5",230540,"ALBA","EA 5 OZ","MOIST SHAVE CRM,COCON","TPR",,$2.39,20%,$1.94,,$1.94,$3.59,46%
"TPR","Body Care","7-24742-00893-2",230565,"ALBA","EA 5 OZ","MOIST SHAVE CRM,COCO","TPR",,$2.39,20%,$1.94,,$1.94,$3.59,46%
"TPR","Body Care","7-24742-00911-3",742007,"ALBA","EA 8 OZ","HAND WASH,PASSION FLO","TPR",,$4.31,20%,$3.50,,$3.50,$6.49,46%
"TPR","Body Care","7-24742-00912-0",741983,"ALBA","EA 8 OZ","HAND WASH,PINEAPPLE","TPR",,$4.31,20%,$3.50,,$3.50,$6.49,46%
"TPR","Body Care","7-24742-00885-7",951970,"ALBA","193 PIECE","HAWAIIAN BDY CARE FLR","TPR","A/S",$695.81,20%,$556.65,,$2.88,$5.49,47%
"TPR","Body Care","7-49985-08100-9",100,"Aubrey","EA 8oz","Rosa Mosqueta H&B Lotion  ","TPR","Direct",$7.78,20%,$6.22,,$6.22,$10.99,43%
"TPR","Body Care","7-49985-08029-3",29,"Aubrey","EA 8oz","Collagen & Almond H&B Lotion","TPR","Direct",$7.35,20%,$5.88,,$5.88,$10.99,46%
"TPR","Body Care","7-49985-08057-6","57A","Aubrey","EA 8oz","Evening Primrose H&B Lotion","TPR","Direct",$8.38,20%,$6.70,,$6.70,$11.99,44%
"TPR","Body Care","7-49985-00354-4",354,"Aubrey","EA 8oz","Honeysuckle CoQ10 H&B Lotion","TPR","Direct",$7.78,20%,$6.22,,$6.22,$10.99,43%
"TPR","Body Care","7-49985-08761-2",761,"Aubrey","EA 8oz","Sea Buckthorn H&B Lotion","TPR","Direct",$7.78,20%,$6.22,,$6.22,$10.99,43%
"TPR","Body Care","7-49985-08224-2",224,"Aubrey","EA 8oz","Unscented H&B Lotion","TPR","Direct",$5.98,20%,$4.78,,$4.78,$8.99,47%
"TPR","Body Care","0-51381-88640-0",389361,"AURACA","EA 6 OZ","AIR FRESH SPRITZ,SPC&","TPR",,$5.29,15%,$4.55,,$4.55,$8.49,46%
"TPR","Body Care","0-51381-88641-7",389858,"AURACA","EA 6 OZ","AIR FRESH SPRITZ,BERG","TPR",,$5.29,15%,$4.55,,$4.55,$8.49,46%
"TPR","Body Care","0-51381-88642-4",389536,"AURACA","EA 6 OZ","AIR FRESH SPRITZ,LIME","TPR",,$5.29,15%,$4.55,,$4.55,$8.49,46%
"TPR","Body Care","0-51381-88643-1",389775,"AURACA","EA 6 OZ","AIR FRESH SPRITZ,LAVE","TPR",,$5.29,15%,$4.55,,$4.55,$8.49,46%
"TPR","Body Care","6-54749-35800-9",954867,"AVLNAC","EA .55 OZ","COQ10 WRINKLE DEFENSE","TPR",,$12.02,20%,$9.77,,$9.77,$17.99,46%
"TPR","Body Care","6-54749-35804-7",734640,"AVLNAC","EA 1.75 OZ","COQ10 WRINKLE DEF NT","TPR",,$12.02,20%,$9.77,,$9.77,$17.99,46%
"TPR","Body Care","6-54749-35805-4",954875,"AVLNAC","EA 1.75 OZ","COQ10 WRINKLE CREAM","TPR",,$12.02,20%,$9.77,,$9.77,$17.99,46%
"TPR","Body Care","6-54749-35808-5",734657,"AVLNAC","EA 8.5 OZ","COQ10 FACIAL CLEANSE","TPR",,$5.76,20%,$4.68,,$4.68,$8.49,45%
"TPR","Body Care","6-54749-35810-8",954883,"AVLNAC","EA 8 OZ","COQ10 FIRMING LOTION","TPR",,$8.16,20%,$6.63,,$6.63,$11.99,45%
"TPR","Body Care","6-54749-35811-5",200923,"AVLNAC","EA 8 OZ","COQ10 FACIAL TONER","TPR",,$5.76,20%,$4.68,,$4.68,$8.49,45%
"TPR","Body Care","6-54749-35812-2",137885,"AVLNAC","EA 8.5 OZ","COQ10 FACIAL CLNSNG M","TPR",,$5.76,20%,$4.68,,$4.68,$8.49,45%
"TPR","Body Care","6-34084-12502-3","12592","Badger","16/.25 oz","Cool Mint Cocoa Butter Lip Balm Stick","TPR","Direct",$40.00,15%,$34.00,,$2.13,$3.99,47%
"TPR","Body Care","6-34084-12500-9","12590","Badger","16/.25 oz","Creamy  Cocoa Butter Lip Balm Stick","TPR","Direct",$40.00,15%,$34.00,,$2.13,$3.99,47%
"TPR","Body Care","6-34084-12508-5","12598","Badger","16/.25 oz","Lime Rocket Cocoa Butter Lip Balm Stick","TPR","Direct",$40.00,15%,$34.00,,$2.13,$3.99,47%
"TPR","Body Care","6-34084-12509-2","12599","Badger","16/.25 oz","Mocha  Cocoa Butter Lip Balm Stick ","TPR","Direct",$40.00,15%,$34.00,,$2.13,$3.99,47%
"TPR","Body Care","6-34084-12503-0","12593","Badger","16/.25 oz","Sweet Orange Cocoa Butter Lip Balm Stick","TPR","Direct",$40.00,15%,$34.00,,$2.13,$3.99,47%
"TPR","Body Care","6-34084-12506-1",12596,"Badger","16/.25 oz","Poetic Pomegranate Cocoa Butter Lip Balm Stick ","TPR","Direct",$40.00,15%,$34.00,,$2.13,$3.99,47%
"TPR","Body Care","6-34084-12507-8",12597,"Badger","16/.25 oz","Vanilla Bean Cocoa Butter Lip Balm Stick ","TPR","Direct",$40.00,15%,$34.00,,$2.13,$3.99,47%
"TPR","Body Care","1-85003-00001-8",307322,"BEECE","EA 12 OZ","SHAMP,BEE-HAIR NOW,HO","TPR",,$4.80,20%,$3.90,,$3.90,$6.99,44%
"TPR","Body Care","1-85003-00002-5",307462,"BEECE","EA 12 OZ","COND,BEE-HAIR-NOW,GRP","TPR",,$4.80,20%,$3.90,,$3.90,$6.99,44%
"TPR","Body Care","1-85003-00024-7",740688,"BEECE","EA 12 OZ","COND,ACAI & YLANG YLA","TPR",,$4.80,20%,$3.90,,$3.90,$6.99,44%
"TPR","Body Care","1-85003-00023-0",740662,"BEECE","EA 12 OZ","COND,ROSEMARY & LAVEN","TPR",,$4.80,20%,$3.90,,$3.90,$6.99,44%
"TPR","Body Care","1-85003-00022-3",740621,"BEECE","EA 12 OZ","SHAMPOO,ACAI & YLANG","TPR",,$4.80,20%,$3.90,,$3.90,$6.99,44%
"TPR","Body Care","1-85003-00021-6",740605,"BEECE","EA 12 OZ","SHAMPOO,ROSEMARY/LAVE","TPR",,$4.80,20%,$3.90,,$3.90,$6.99,44%
"TPR","Body Care","0-54986-00014-1",747584,"EARTHS","EA 4 OZ","APRICOT FACIAL SCRUB","TPR",,$4.10,20%,$3.33,,$3.33,$5.99,44%
"TPR","Body Care","0-54986-00034-9",747782,"EARTHS","EA 5 OZ","ALMOND-ALOE MOISTURIZ","TPR",,$4.31,20%,$3.50,,$3.50,$6.49,46%
"TPR","Body Care","0-54986-00035-6",748541,"EARTHS","EA 5 OZ","ALMOND-ALOE MOIST UNS","TPR",,$4.31,20%,$3.50,,$3.50,$6.49,46%
"TPR","Body Care","0-54986-00036-3",748525,"EARTHS","EA 5 OZ","ALMOND-ALOE MOIST SPF","TPR",,$4.79,20%,$3.89,,$3.89,$6.99,44%
"TPR","Body Care","0-54986-00049-3",747840,"EARTHS","EA 8 OZ","A-D-E CLEANSER","TPR",,$4.31,20%,$3.50,,$3.50,$6.49,46%
"TPR","Body Care","0-54986-00059-2",747881,"EARTHS","EA 8 OZ","CLARIFYING FACE WASH","TPR",,$4.31,20%,$3.50,,$3.50,$6.49,46%
"TPR","Body Care","0-54986-00069-1",747741,"EARTHS","EA 8 OZ","ALOE VERA TONER","TPR",,$4.22,20%,$3.43,,$3.43,$5.99,43%
"TPR","Body Care","0-54986-00079-0",747923,"EARTHS","EA 8 OZ","CLARIFYING ASTRINGENT","TPR",,$4.22,20%,$3.43,,$3.43,$5.99,43%
"TPR","Body Care","0-54986-00082-0",301846,"EARTHS","EA 4 OZ","EYE MAKEUP REMOVER,CH","TPR",,$3.62,20%,$2.94,,$2.94,$5.49,46%
"TPR","Body Care","0-54986-00112-4",747824,"EARTHS","EA 2 OZ","APRICOT NIGHT CREAM","TPR",,$7.20,20%,$5.85,,$5.85,$10.99,47%
"TPR","Body Care","0-54986-00132-2",445916,"EARTHS","EA 4 OZ","MINT TINGLE MASQUE","TPR",,$4.79,20%,$3.89,,$3.89,$6.99,44%
"TPR","Body Care","0-54986-00149-0",747683,"EARTHS","EA 8 OZ","HERBAL TONIC MIST","TPR",,$4.79,20%,$3.89,,$3.89,$6.99,44%
"TPR","Body Care","0-54986-00151-3",301812,"EARTHS","EA 1 OZ","BETA-GINSENG CELLAGEN","TPR",,$8.65,20%,$7.03,,$7.03,$12.99,46%
"TPR","Body Care","0-54986-00161-2",747949,"EARTHS","EA 1 OZ","AZULENE EYE CREAM","TPR",,$7.20,20%,$5.85,,$5.85,$10.99,47%
"TPR","Body Care","0-54986-00182-7",748129,"EARTHS","EA 2 OZ","BETA-GINSENG DAY CREM","TPR",,$10.09,20%,$8.20,,$8.20,$14.99,45%
"TPR","Body Care","0-54986-00185-8",748822,"EARTHS","EA 1 OZ","A/B HYDROXYL ACID NIT","TPR",,$9.61,20%,$7.81,,$7.81,$13.99,44%
"TPR","Body Care","0-54986-00187-2",758391,"EARTHS","EA 5.8 OZ","CLEANSER,BETA-GINSG C","TPR",,$6.72,20%,$5.46,,$5.46,$9.99,45%
"TPR","Body Care","0-54986-00188-9",748863,"EARTHS","EA 6 OZ","BETA GINSENG TONING E","TPR",,$5.76,20%,$4.68,,$4.68,$8.49,45%
"TPR","Body Care","0-54986-00194-0",748566,"EARTHS","EA 4 OZ","PAPAYA GLYCOLIC SKIN","TPR",,$7.20,20%,$5.85,,$5.85,$10.99,47%
"TPR","Body Care","0-54986-00199-5",748889,"EARTHS","EA 2 OZ","GINSIUM-C SKIN LIGHTE","TPR",,$14.42,20%,$11.72,,$11.72,$21.99,47%
"TPR","Body Care","0-54986-00251-0",930123,"EARTHS","EA 2.5 OZ","DEOD,NATURAL,HERBAL S","TPR",,$3.01,20%,$2.45,,$2.45,$4.49,45%
"TPR","Body Care","0-54986-00252-7",930156,"EARTHS","EA 2.5 OZ","DEOD,NATURAL,UNSCENTE","TPR",,$3.01,20%,$2.45,,$2.45,$4.49,45%
"TPR","Body Care","0-54986-00253-4",930149,"EARTHS","EA 2.5 OZ","DEOD,NATURAL,TEA TREE","TPR",,$3.01,20%,$2.45,,$2.45,$4.49,45%
"TPR","Body Care","0-54986-00254-1",301630,"EARTHS","EA 2.5 OZ","DEOD,ROSEMARY/MINT","TPR",,$3.01,20%,$2.45,,$2.45,$4.49,45%
"TPR","Body Care","0-54986-00261-9",758250,"EARTHS","EA 11 OZ","LOTN,BODY&MASSAGE,FRA","TPR",,$4.31,20%,$3.50,,$3.50,$6.49,46%
"TPR","Body Care","0-54986-00271-8",502039,"EARTHS","EA 11 OZ","LOTION,SPF15,DLY SUN","TPR",,$7.20,20%,$5.85,,$5.85,$10.99,47%
"TPR","Body Care","0-54986-00281-7",139501,"EARTHS","EA 11 OZ","LOTN,SOOTHING OATML&A","TPR",,$5.28,20%,$4.29,,$4.29,$7.99,46%
"TPR","Body Care","0-54986-00291-6",139634,"EARTHS","EA 4 OZ","HAND CREAM,PURFECTION","TPR",,$5.76,20%,$4.68,,$4.68,$8.49,45%
"TPR","Body Care","0-54986-00292-3",139790,"EARTHS","EA 16 OZ","HAND CREAM,PURFECTION","TPR",,$16.83,20%,$13.68,,$13.68,$24.99,45%
"TPR","Body Care","0-54986-00516-0",350850,"EARTHS","EA 6 OZ","MOIST SHAVE CREAM,AZU","TPR",,$4.31,20%,$3.50,,$3.50,$6.49,46%
"TPR","Body Care","0-54986-00529-0",932970,"EARTHS","EA 8 OZ","AFTER SHAVE,ALOE/HERB","TPR",,$3.62,20%,$2.94,,$2.94,$5.49,46%
"TPR","Body Care","0-54986-00539-9",933044,"EARTHS","EA 8 OZ","SKIN CARE BALM,FACE&B","TPR",,$4.10,20%,$3.33,,$3.33,$5.99,44%
"TPR","Body Care","0-54986-00549-8",932988,"EARTHS","EA 6 OZ","MEN'S PROB SKIN TREAT","TPR",,$4.58,20%,$3.72,,$3.72,$6.99,47%
"TPR","Body Care","0-54986-17400-2",337667,"EARTHS","EA 12 OZ","SHAMPOO,FRAG FREE","TPR",,$3.49,20%,$2.84,,$2.84,$5.29,46%
"TPR","Body Care","0-54986-17410-1",338046,"EARTHS","EA 12 OZ","SHAMPOO,HAIR TREATMEN","TPR",,$3.97,20%,$3.23,,$3.23,$5.99,46%
"TPR","Body Care","0-54986-17430-9",338087,"EARTHS","EA 12 OZ","SHAMPOO,CITRESS","TPR",,$3.49,20%,$2.84,,$2.84,$5.29,46%
"TPR","Body Care","0-54986-17440-8",337964,"EARTHS","EA 12 OZ","COND,FRAGRANCE FREE","TPR",,$3.49,20%,$2.84,,$2.84,$5.29,46%
"TPR","Body Care","0-54986-17460-6",322081,"EARTHS","EA 12 OZ","COND,HAIR TREATMENT","TPR",,$3.97,20%,$3.23,,$3.23,$5.99,46%
"TPR","Body Care","0-54986-17470-5",338186,"EARTHS","EA 12 OZ","COND,CITRESS","TPR",,$3.49,20%,$2.84,,$2.84,$5.29,46%
"TPR","Body Care","0-54986-17500-9",371211,"EARTHS","EA 6 OZ","COND MASQUE,OLIVE/AVA","TPR",,$4.58,20%,$3.72,,$3.72,$6.99,47%
"TPR","Body Care","0-00360-00003-0",352849,"ECODNT","6/100 YD","DENTAL FLOSS,GENTLE F","TPR",,$15.78,20%,$12.90,,$2.15,$3.99,46%
"TPR","Body Care","0-00360-02000-7",623405,"ECODNT","6/100 YD","FLOSS,VEGAN CINNAMON","TPR",,$15.86,20%,$12.90,,$2.15,$3.99,46%
"TPR","Body Care","0-00360-07100-9",725838,"ECODNT","6/40 YD","FLOSS,VEGAN WAXED","TPR",,$10.98,20%,$8.93,,$1.49,$2.69,45%
"TPR","Body Care","0-00360-05300-5",898080,"ECODNT","12/12 CT","BETWEEN DENTAL GUM,MI","TPR",,$11.50,20%,$9.35,,$0.78,$1.29,40%
"TPR","Body Care","0-00360-05400-2",898072,"ECODNT","12/12 CT","BETWEEN DENTAL GUM,CI","TPR",,$11.50,20%,$9.35,,$0.78,$1.29,40%
"TPR","Body Care","0-00360-05500-9",898098,"ECODNT","12/12 CT","BETWEEN DENTAL GUM,WN","TPR",,$11.50,20%,$9.35,,$0.78,$1.29,40%
"TPR","Body Care","8-40749-01716-3",138164,"MINFUS","EA 8.0 OZ","BODY LOT,MINERAL,SUNS","TPR",,$4.82,20%,$3.92,,$3.92,$6.99,44%
"TPR","Body Care","8-40749-01717-0",138214,"MINFUS","EA 8.0 OZ","BODY LOT,MINERAL,WATE","TPR",,$4.82,20%,$3.92,,$3.92,$6.99,44%
"TPR","Body Care","8-40749-01718-7",138222,"MINFUS","EA 8.0 OZ","BODY LOT,MINERAL,EART","TPR",,$4.82,20%,$3.92,,$3.92,$6.99,44%
"TPR","Body Care","8-40749-01719-4",138230,"MINFUS","EA 8.0 OZ","BODY LOT,MINERAL,UNSC","TPR",,$4.82,20%,$3.92,,$3.92,$6.99,44%
"TPR","Body Care","8-40749-01726-2",137950,"MINFUS","EA 8.5 OZ","BODY WSH,MINERAL,SUNS","TPR",,$4.82,20%,$3.92,,$3.92,$6.99,44%
"TPR","Body Care","8-40749-01727-9",138032,"MINFUS","EA 8.5 OZ","BODY WSH,MINERAL,WATE","TPR",,$4.82,20%,$3.92,,$3.92,$6.99,44%
"TPR","Body Care","8-40749-01728-6",138057,"MINFUS","EA 8.5 OZ","BODY WSH,MINERAL,EART","TPR",,$4.82,20%,$3.92,,$3.92,$6.99,44%
"TPR","Body Care","8-40749-01736-1",138297,"MINFUS","EA 8.5 OZ","SHAMPOO,MINERAL,FORTI","TPR",,$4.82,20%,$3.92,,$3.92,$6.99,44%
"TPR","Body Care","8-40749-01738-5",138321,"MINFUS","EA 8.5 OZ","SHAMPOO,MINERAL,VOLUM","TPR",,$4.82,20%,$3.92,,$3.92,$6.99,44%
"TPR","Body Care","8-40749-01746-0",138370,"MINFUS","EA 8.5 OZ","COND,MINERAL,FORTIFYI","TPR",,$4.82,20%,$3.92,,$3.92,$6.99,44%
"TPR","Body Care","8-40749-01748-4",138487,"MINFUS","EA 8.5 OZ","COND,MINERAL,VOLUMIZI","TPR",,$4.82,20%,$3.92,,$3.92,$6.99,44%
"TPR","Body Care","8-05002-00005-4",842138,"HERBAN","1 EA","SHAVE,BRUSH","TPR",,$2.35,50%,$1.25,,$1.25,$2.29,45%
"TPR","Body Care","8-05002-00006-1",920157,"HERBAN","1 EACH","CERAMIC SHAVE MUG","TPR",,$1.93,50%,$1.03,,$1.03,$1.99,48%
"TPR","Body Care","8-05002-00062-7",841890,"HERBAN","EA 6.7 OZ","CREAM SHAVE,DUSK","TPR",,$4.82,25%,$3.69,,$3.69,$6.79,46%
"TPR","Body Care","8-05002-00072-6",841932,"HERBAN","EA 3.5 OZ","AFTER SHAVE BALM,DUSK","TPR",,$4.82,30%,$3.47,,$3.47,$6.29,45%
"TPR","Body Care","8-18692-00150-8",850370,"PEACEM","EA 1.5 OZ","SINUS/NASAL RESCUE","TPR","SN",$6.46,25%,$3.94,,$3.94,$6.99,44%
"TPR","Body Care","8-18692-00705-0",850438,"PEACEM","EA 3.5 OZ","BACK AND NECK RESCUE","TPR","SN",$7.55,25%,$4.59,,$4.59,$8.29,45%
"TPR","Body Care","8-18692-00710-4",850131,"PEACEM","EA 3.5 OZ","MUSCLE RESCUE GEL","TPR","SN",$5.38,25%,$3.28,,$3.28,$5.99,45%
"TPR","Body Care","8-18692-00715-9",849992,"PEACEM","EA 3.5 OZ","TENDON RESCUE GEL","TPR","SN",$7.55,25%,$4.59,,$4.59,$8.29,45%
"TPR","Body Care","8-18692-00720-3",850149,"PEACEM","EA 3.5 OZ","JOINT RESCUE GEL","TPR","SN",$7.55,25%,$4.59,,$4.59,$8.29,45%
"TPR","Body Care","8-18692-00750-0",850073,"PEACEM","EA 1.4 OZ","SHINGLEDERM RESCUE","TPR","SN",$16.16,25%,$9.84,,$9.84,$17.99,45%
"TPR","Body Care","8-18692-00755-5",850115,"PEACEM","EA 1.4 OZ","SHINGLEDERM RESCUE PL","TPR","SN",$18.86,25%,$11.48,,$11.48,$20.99,45%
"TPR","Body Care","8-18692-00760-9",849919,"PEACEM","EA 3.5 OZ","ARNICA PLUS GEL","TPR","SN",$5.38,25%,$3.28,,$3.28,$5.99,45%
"TPR","Body Care","8-18692-00770-8",850164,"PEACEM","EA 1.0 OZ","ECZEDERM RESCUE GEL","TPR","SN",$8.08,25%,$4.92,,$4.92,$8.99,45%
"TPR","Body Care","8-18692-00775-3",850214,"PEACEM","EA .27 OZ","COLD SORE RESCUE GEL","TPR","SN",$5.38,25%,$3.28,,$3.28,$5.99,45%
"TPR","Body Care","8-18692-00810-1",850412,"PEACEM","EA 4 OZ","HOT FLASH RESCUE LOTI","TPR","SN",$9.63,25%,$5.86,,$5.86,$10.99,47%
"TPR","Body Care","8-18692-00814-9",483743,"PEACEM","EA 2 OZ","HOT FLASH RESCUE SPRA","TPR","SN",$6.46,25%,$3.94,,$3.94,$6.99,44%
"TPR","Body Care","8-18692-00825-5",483685,"PEACEM","EA 3.5 OZ","SCIATIC RESCUE GEL","TPR","SN",$10.89,25%,$5.98,,$5.98,$10.99,46%
"TPR","Body Care","8-18692-00840-8",840058,"PEACEM","EA 3.5 OZ","MUSCLE ICE MENTHOL GE","TPR","SN",$5.38,25%,$3.28,,$3.28,$5.99,45%
"TPR","Body Care","0-85178-00008-3",401620,"RADIUS","6 PIECE","TBRSH,ORIGINAL,RIGHT","TPR",,$28.83,20%,$23.44,,$3.91,$6.99,44%
"TPR","Body Care","0-85178-00009-0",401646,"RADIUS","6 PIECE","TBRSH,ORIGINAL,LEFT H","TPR",,$28.83,20%,$23.44,,$3.91,$6.99,44%
"TPR","Body Care","0-85178-00012-0",401661,"RADIUS","6 PIECE","TBRSH,SCUBA FLEX,RT H","TPR",,$28.83,20%,$23.44,,$3.91,$6.99,44%
"TPR","Body Care","0-85178-00013-7",144063,"RADIUS","6 PIECE","TBRSH,SCUBA FLEX,LEFT","TPR","SN",$35.95,20%,$23.44,,$3.91,$6.99,44%
"TPR","Body Care","0-85178-00059-5",791970,"RADIUS","6 PIECE","TBRSH,INTLGNT W/RP HD","TPR",,$28.83,20%,$23.44,,$3.91,$6.99,44%
"TPR","Body Care","0-85178-00063-2",791988,"RADIUS","6 PIECE","TBRSH,INTLGNT W/RP HD","TPR",,$28.83,20%,$23.44,,$3.91,$6.99,44%
"TPR","Body Care","0-85178-00065-6",826131,"RADIUS","6 PC","TBRUSH,SOURCE W/RP,SO","TPR","SN GRW",$23.05,20%,$18.74,,$3.12,$5.99,48%
"TPR","Body Care","0-85178-00066-3",826156,"RADIUS","6 PC","TBRUSH,SOURCE W/RP HD","TPR","SN GRW",$23.05,20%,$18.74,,$3.12,$5.99,48%
"TPR","Body Care","0-85178-00184-4",180786,"RADIUS","6/50 M","FLOSS,CRANBERRY","TPR","SN GRW",$11.43,20%,$9.29,,$1.55,$2.99,48%
"TPR","Body Care","0-85178-00185-1",279117,"RADIUS","6/50 M","FLOSS,SILK","TPR",,$11.43,20%,$9.29,,$1.55,$2.99,48%
"TPR","Body Care","0-85178-11001-0",897439,"RADIUS","6 PIECE","TBRUSH,KIDZ,RIGHT HAN","TPR",,$14.38,20%,$11.69,,$1.95,$3.59,46%
"TPR","Body Care","0-85178-00068-7",118877,"RADIUS","6 CT","RPLCMNT HEADS,2 PACK","TPR",,$17.25,20%,$14.09,,$2.35,$4.29,45%
"TPR","Body Care","0-85178-00067-0",118679,"RADIUS","6 CT","RPLCMNT HEADS,2 PACK","TPR",,$17.25,20%,$14.09,,$2.35,$4.29,45%
"TPR","Body Care","0-81738-40270-0",826651,"SHIKAI","EA 6 0Z","BORAGE FACIAL CLEANSE","TPR","SN",$6.60,25%,$4.06,,$4.06,$7.49,46%
"TPR","Body Care","0-81738-40275-5",826677,"SHIKAI","EA 2 OZ","BORAGE FACIAL MOIST W","TPR","SN GRW",$7.22,25%,$5.53,,$5.53,$9.99,45%
"TPR","Body Care","0-81738-40280-9",826693,"SHIKAI","EA 2 OZ","BORAGE 24 HR REPAIR C","TPR",,$7.70,25%,$5.90,,$5.90,$10.99,46%
"TPR","Body Care","0-81738-40285-4",826719,"SHIKAI","EA .5 OZ","BORAGE EYE CREAM","TPR",,$7.70,25%,$5.90,,$5.90,$10.99,46%
"TPR","Nutrition","8-29835-00000-5","AMOR15","Amazing Grass","EA 13.9 oz","Original Amazing Meal","TPR","Direct",$28.80,35%,$18.72,,$18.72,$32.29,42%
"TPR","Nutrition","8-29835-00002-9","15ctBGSFB","Amazing Grass","10/8 g","Berry Green SuperFood Box of Packets","TPR","Direct",$13.00,25%,$9.75,,$0.65,$1.29,50%
"TPR","Nutrition","8-29835-00003-6","AMPM15","Amazing Grass","EA 14.7 oz","Pom-Mango Amazing Meal","TPR","Direct",$28.80,35%,$18.72,,$18.72,$32.29,42%
"TPR","Nutrition","8-29835-00004-3","AMCH15","Amazing Grass","EA 16.4 oz","Chocolate Amazing Meal","TPR","Direct",$28.80,35%,$18.72,,$18.72,$32.29,42%
"TPR","Nutrition","8-29835-00011-1","10ctAMORB","Amazing Grass","10/22 g","Original Amazing Meal Box of Packets","TPR","Direct",$18.00,25%,$13.50,,$1.35,$2.69,50%
"TPR","Nutrition","8-29835-00012-8","17ozChocGSF","Amazing Grass","EA 17 oz","Choc Green SuperFood Powder","TPR","Direct",$28.80,25%,$21.60,,$21.60,$42.99,50%
"TPR","Nutrition","8-29835-00013-5","10ctAMCHB","Amazing Grass","10/22 g","Chocolate Amazing Meal Box of Packets","TPR","Direct",$18.00,25%,$13.50,,$1.35,$2.69,50%
"TPR","Nutrition","8-29835-00015-9","10ctAMPMB","Amazing Grass","10/22 g","Pom-Mango Amazing Meal Box of Packets","TPR","Direct",$18.00,25%,$13.50,,$1.35,$2.69,50%
"TPR","Nutrition","8-29835-00028-9","17ozBGSF","Amazing Grass","EA 17 oz","Berry Green SuperFood Powder","TPR","Direct",$28.80,25%,$21.60,,$21.60,$42.99,50%
"TPR","Nutrition","8-29835-00033-3","6.5ozBRKSF","Amazing Grass","EA 6.5 oz","Berry Kidz SuperFood Powder","TPR","Direct",$15.00,25%,$11.25,,$11.25,$21.99,49%
"TPR","Nutrition","8-29835-00035-7","15ctBRKSFB","Amazing Grass","10/8 g","Berry Kidz SuperFood Box of Packets","TPR","Direct",$13.00,25%,$9.75,,$0.65,$1.29,50%
"TPR","Nutrition","8-29835-00042-5","7.4ozEGSF","Amazing Grass","EA 7.4 oz","Energy Green SuperFood Powder","TPR","Direct",$16.75,25%,$12.56,,$12.56,$24.99,50%
"TPR","Nutrition","8-29835-00043-2","15ctEGSFB","Amazing Grass","10/7 g","Energy Green SuperFood Box of Packets","TPR","Direct",$13.00,25%,$9.75,,$0.65,$1.29,50%
"TPR","Nutrition","8-29835-00047-0","AMVC15","Amazing Grass","EA 12.4 oz","Vanilla Chai Amazing Meal - 15 Servings","TPR","Direct",$28.80,35%,$18.72,,$18.72,$32.29,42%
"TPR","Nutrition","8-29835-01100-1","8.5ozOWGP","Amazing Grass","EA 8.5 oz","Organic Wheat Grass Powder","TPR","Direct",$15.00,25%,$11.25,,$11.25,$21.99,49%
"TPR","Nutrition","8-29835-01200-8","200ctOWGT","Amazing Grass","EA 200 tabs","Organic Wheat Grass Tablets","TPR","Direct",$15.00,25%,$11.25,,$11.25,$21.99,49%
"TPR","Nutrition","8-29835-01300-5","17ozOWGP","Amazing Grass","EA 17 oz","Organic Wheat Grass Powder","TPR","Direct",$25.80,25%,$19.35,,$19.35,$38.99,50%
"TPR","Nutrition","8-29835-54373-1","200gmKSF","Amazing Grass","EA 200 g","Chocolate Kidz SuperFood Powder","TPR","Direct",$16.75,25%,$12.56,,$12.56,$21.99,43%
"TPR","Nutrition","8-29835-54375-5","360gmKSF","Amazing Grass","EA 360 g","Chocolate Kidz SuperFood Powder","TPR","Direct",$25.80,25%,$19.35,,$19.35,$38.99,50%
"TPR","Nutrition","8-29835-54377-9","15ctKSFB","Amazing Grass","10/8 g","Chocolate Kidz SuperFood Box of Packets","TPR","Direct",$13.00,25%,$9.75,,$0.65,$1.29,50%
"TPR","Nutrition","8-29835-91031-1","15ctOWGB","Amazing Grass","10/8 g","Organic Wheat Grass Box of Packets","TPR","Direct",$13.00,25%,$9.75,,$0.65,$1.29,50%
"TPR","Nutrition","8-29835-93032-6","15ctGSFB","Amazing Grass","10/8 g","Green SuperFood Box of Packets","TPR","Direct",$13.00,25%,$9.75,,$0.65,$1.29,50%
"TPR","Nutrition","8-29835-93100-2","8.5ozGSF","Amazing Grass","EA 8.5 oz","Green SuperFood Powder","TPR","Direct",$16.75,25%,$12.56,,$12.56,$24.99,50%
"TPR","Nutrition","8-29835-93200-9","150ctGSFC","Amazing Grass","EA 150 caps","Green SuperFood Capsules","TPR","Direct",$18.75,25%,$14.06,,$14.06,$24.99,44%
"TPR","Nutrition","8-29835-93300-6","8.5ozChocGSF","Amazing Grass","EA 8.5 oz","Choc Green SuperFood Powder","TPR","Direct",$16.75,25%,$12.56,,$12.56,$24.99,50%
"TPR","Nutrition","8-29835-93400-3","17ozGSF","Amazing Grass","EA 17 oz","Green SuperFood Powder","TPR","Direct",$28.80,25%,$21.60,,$21.60,$42.99,50%
"TPR","Nutrition","8-29835-93501-7","15ctChocGSFB","Amazing Grass","10/8 g","Choc Green SuperFood Box of Packets","TPR","Direct",$13.00,25%,$9.75,,$0.65,$1.29,50%
"TPR","Nutrition","8-29835-93700-4","8.5ozBGSF","Amazing Grass","EA 8.5 oz","Berry Green SuperFood Powder","TPR","Direct",$16.75,25%,$12.56,,$12.56,$24.99,50%
"TPR","Nutrition","8-59220-01012-8",466318,"EARTHM","EA 16 CT","MORNING WELLNESS TEA,","TPR","SN",$3.59,20%,$2.34,,$2.34,$4.49,48%
"TPR","Nutrition","8-59220-01013-5",466409,"EARTHM","EA 16 CT","PEACEFUL MAMA TEA,OG","TPR","SN",$3.59,20%,$2.34,,$2.34,$4.49,48%
"TPR","Nutrition","8-59220-01014-2",466383,"EARTHM","EA 16 CT","HEARTBURN TEA,OG","TPR","SN",$3.59,20%,$2.34,,$2.34,$4.49,48%
"TPR","Nutrition","8-59220-01015-9",466425,"EARTHM","EA 16 CT","THIRD TRIMESTER TEA,O","TPR","SN",$3.59,20%,$2.34,,$2.34,$4.49,48%
"TPR","Nutrition","8-59220-01016-6",466607,"EARTHM","EA 16 CT","MONTHLY COMFORT TEA","TPR","SN",$3.59,20%,$2.34,,$2.34,$4.49,48%
"TPR","Nutrition","8-59220-01017-3",466300,"EARTHM","EA 16 CT","MILKMAID TEA,OG","TPR","SN",$3.71,20%,$2.41,,$2.41,$4.49,46%
"TPR","Nutrition","8-59220-01018-0",849067,"EARTHM","EA 16 CT","NO MORE MILK TEA,OG","TPR","SN",$3.59,20%,$2.34,,$2.34,$4.49,48%
"TPR","Nutrition","8-59220-01019-7",849000,"EARTHM","EA 16 CT","HARMONY TEA,OG","TPR","SN",$3.59,20%,$2.34,,$2.34,$4.49,48%
"TPR","Nutrition","8-59220-01020-3",849604,"EARTHM","EA 16 CT","MAMA-TO-BE TEA SAMPLE","TPR","SN",$3.59,20%,$2.34,,$2.34,$4.49,48%
"TPR","Nutrition","6-70480-29050-7",29050,"Enzymedica","EA 30","Digest Basic","TPR","Direct",$3.99,20%,$3.19,,$3.19,$6.39,50%
"TPR","Nutrition","6-70480-29010-1",29010,"Enzymedica","EA 90","Digest Basic","TPR","Direct",$8.49,20%,$6.79,,$6.79,$13.59,50%
"TPR","Nutrition","6-70480-98141-2",98141,"Enzymedica","EA 60","ViraStop","TPR","Direct",$14.49,20%,$11.59,,$11.59,$23.19,50%
"TPR","Nutrition","6-70480-98140-5",98140,"Enzymedica","EA 120","ViraStop","TPR","Direct",$25.49,20%,$20.39,,$20.39,$40.79,50%
"TPR","Nutrition","7-51063-34240-7",90908001,"GAIA HERBS","EA 1 OZ","RESPIRATORY DEFENSE","TPR","Direct",$5.90,25%,$4.43,,$4.43,$8.99,51%
"TPR","Nutrition","7-51063-80001-3","90C03020","GAIA HERBS","EA 20 CT","THROAT SHIELD SAGE AND ALOE LOZENGES","TPR","Direct",$6.00,25%,$4.50,,$4.50,$8.99,50%
"TPR","Nutrition","7-51063-30670-6",90443001,"GAIA HERBS","EA 1 OZ","LEMON BALM","TPR","Direct",$6.60,25%,$4.95,,$4.95,$9.99,50%
"TPR","Nutrition","7-51063-30760-4",90497001,"GAIA HERBS","EA 1 OZ","MOTHERWORT FLOWERS","TPR","Direct",$6.60,25%,$4.95,,$4.95,$9.99,50%
"TPR","Nutrition","7-51063-30780-2",90504001,"GAIA HERBS","EA 1 OZ","MULLEIN LEAF","TPR","Direct",$6.60,25%,$4.95,,$4.95,$9.99,50%
"TPR","Nutrition","7-51063-30790-1",90519001,"GAIA HERBS","EA 1 OZ","NETTLE LEAF","TPR","Direct",$6.60,25%,$4.95,,$4.95,$9.99,50%
"TPR","Nutrition","7-51063-32100-6",90300001,"GAIA HERBS","EA 1 OZ","ELDERBERRY","TPR","Direct",$6.60,25%,$4.95,,$4.95,$9.99,50%
"TPR","Nutrition","7-51063-36070-8",90940001,"GAIA HERBS","EA 1 OZ","SHEEP SORREL/BURDOCK SUPREME","TPR","Direct",$6.90,25%,$5.18,,$5.18,$9.99,48%
"TPR","Nutrition","7-51063-30090-2",90128001,"GAIA HERBS","EA 1 OZ","BLACK COHOSH","TPR","Direct",$7.20,25%,$5.40,,$5.40,$10.99,51%
"TPR","Nutrition","7-51063-32000-9",90148001,"GAIA HERBS","EA 1 OZ","BALDDERWRACK FRONDS","TPR","Direct",$7.20,25%,$5.40,,$5.40,$10.99,51%
"TPR","Nutrition","7-51063-30190-9",90178001,"GAIA HERBS","EA 1 OZ","BURDOCK ROOT","TPR","Direct",$7.20,25%,$5.40,,$5.40,$10.99,51%
"TPR","Nutrition","7-51063-30360-6",90274001,"GAIA HERBS","EA 1 OZ","DANDELION ROOT AND LEAF","TPR","Direct",$7.20,25%,$5.40,,$5.40,$10.99,51%
"TPR","Nutrition","7-51063-30350-7",90272001,"GAIA HERBS","EA 1 OZ","DANDELION ROOT","TPR","Direct",$7.20,25%,$5.40,,$5.40,$10.99,51%
"TPR","Nutrition","7-51063-30840-3",90531001,"GAIA HERBS","EA 1 OZ","OREGON GRAPE ROOT","TPR","Direct",$7.20,25%,$5.40,,$5.40,$10.99,51%
"TPR","Nutrition","7-51063-37860-4",90542001,"GAIA HERBS","EA 1 OZ","PAU D'ARCO INNER BARK","TPR","Direct",$7.20,25%,$5.40,,$5.40,$10.99,51%
"TPR","Nutrition","7-51063-34310-7",90944001,"GAIA HERBS","EA 1 OZ","SKULLCAP/ST JOHNSWORT SUPREME","TPR","Direct",$7.20,25%,$5.40,,$5.40,$10.99,51%
"TPR","Nutrition","7-51063-31150-2",90684001,"GAIA HERBS","EA 1 OZ","UVA URSI LEAF","TPR","Direct",$7.20,25%,$5.40,,$5.40,$10.99,51%
"TPR","Nutrition","7-51063-37850-5",90726001,"GAIA HERBS","EA 1 OZ","WORMWOOD ANNUA","TPR","Direct",$7.20,25%,$5.40,,$5.40,$10.99,51%
"TPR","Nutrition","7-51063-30110-7",90145001,"GAIA HERBS","EA 1 OZ","BLACK WALNUT HULLS","TPR","Direct",$7.20,25%,$5.40,,$5.40,$10.99,51%
"TPR","Nutrition","7-51063-37280-0",90679001,"GAIA HERBS","EA 1 OZ","CAT'S CLAW","TPR","Direct",$7.30,25%,$5.48,,$5.48,$10.99,50%
"TPR","Nutrition","7-51063-32070-2",90229001,"GAIA HERBS","EA 1 OZ","CHASTE TREE BERRY","TPR","Direct",$7.30,25%,$5.48,,$5.48,$10.99,50%
"TPR","Nutrition","7-51063-39050-7",90760001,"GAIA HERBS","EA 1 OZ","CHILDREN ECHINACEA A/F","TPR","Direct",$7.30,25%,$5.48,,$5.48,$10.99,50%
"TPR","Nutrition","7-51063-34520-0",90286001,"GAIA HERBS","EA 1 OZ","DONG QUAI ROOT","TPR","Direct",$7.30,25%,$5.48,,$5.48,$10.99,50%
"TPR","Nutrition","7-51063-36090-6",90238001,"GAIA HERBS","EA 1 OZ","CINNAMON BARK","TPR","Direct",$7.30,25%,$5.48,,$5.48,$10.99,50%
"TPR","Nutrition","7-51063-34100-4",90844001,"GAIA HERBS","EA 1 OZ","ECHINACEA/RED ROOT SUPREME","TPR","Direct",$7.30,25%,$5.48,,$5.48,$10.99,50%
"TPR","Nutrition","7-51063-34200-1",90892001,"GAIA HERBS","EA 1 OZ","HOXSEY/RED CLOVER SUPREME","TPR","Direct",$7.30,25%,$5.48,,$5.48,$10.99,50%
"TPR","Nutrition","7-51063-39060-6",90762001,"GAIA HERBS","EA 1 OZ","CHILDREN ECH/GOLD A/F","TPR","Direct",$7.30,25%,$5.48,,$5.48,$10.99,50%
"TPR","Nutrition","7-51063-39120-7",90776001,"GAIA HERBS","EA 1 OZ","CHILDREN MELISSA SURPEME A/F","TPR","Direct",$7.30,25%,$5.48,,$5.48,$10.99,50%
"TPR","Nutrition","7-51063-32210-2",90445001,"GAIA HERBS","EA 1 OZ","LICORICE ROOT","TPR","Direct",$7.30,25%,$5.48,,$5.48,$10.99,50%
"TPR","Nutrition","7-51063-36170-5",90448001,"GAIA HERBS","EA 1 OZ","LICORICE ROOT A/F","TPR","Direct",$7.30,25%,$5.48,,$5.48,$10.99,50%
"TPR","Nutrition","7-51063-34256-8",90913001,"GAIA HERBS","EA 1 OZ","MELISSA SUP A/F","TPR","Direct",$7.30,25%,$5.48,,$5.48,$10.99,50%
"TPR","Nutrition","7-51063-37690-7",90488001,"GAIA HERBS","EA 1 OZ","MILK THISTLE SEED LOW ALCOHOL","TPR","Direct",$7.30,25%,$5.48,,$5.48,$10.99,50%
"TPR","Nutrition","7-51063-34260-5",90916001,"GAIA HERBS","EA 1 OZ","MILK THISTLE/YELLOW DOCK SUPREME","TPR","Direct",$7.30,25%,$5.48,,$5.48,$10.99,50%
"TPR","Nutrition","7-51063-30830-4",90533001,"GAIA HERBS","EA 1 OZ","OSHA ROOT","TPR","Direct",$7.30,25%,$5.48,,$5.48,$10.99,50%
"TPR","Nutrition","7-51063-34280-3",90924001,"GAIA HERBS","EA 1 OZ","RED CLOVER SUPREME","TPR","Direct",$7.30,25%,$5.48,,$5.48,$10.99,50%
"TPR","Nutrition","7-51063-31020-8",90621001,"GAIA HERBS","EA 1 OZ","SAW PALMETTO BERRY","TPR","Direct",$7.30,25%,$5.48,,$5.48,$10.99,50%
"TPR","Nutrition","7-51063-34300-8",90936001,"GAIA HERBS","EA 1 OZ","SCUDDER'S ALTERATIVE COMPOUND","TPR","Direct",$7.30,25%,$5.48,,$5.48,$10.99,50%
"TPR","Nutrition","7-51063-31060-4",90646001,"GAIA HERBS","EA 1 OZ","SLIPPERY ELM","TPR","Direct",$7.30,25%,$5.48,,$5.48,$10.99,50%
"TPR","Nutrition","7-51063-38030-0",90962001,"GAIA HERBS","EA 1 OZ","VALERIAN/POPPY SUPREME","TPR","Direct",$7.30,25%,$5.48,,$5.48,$10.99,50%
"TPR","Nutrition","7-51063-38040-9",90963001,"GAIA HERBS","EA 1 OZ","VALERIAN/POPPY SUP A/F","TPR","Direct",$7.30,25%,$5.48,,$5.48,$10.99,50%
"TPR","Nutrition","7-51063-35340-3",90694001,"GAIA HERBS","EA 1 OZ","VALERIAN ROOT A/F","TPR","Direct",$7.30,25%,$5.48,,$5.48,$10.99,50%
"TPR","Nutrition","7-51063-34140-0",90864001,"GAIA HERBS","EA 1 OZ","FEM-RESTORE","TPR","Direct",$7.30,25%,$5.48,,$5.48,$10.99,50%
"TPR","Nutrition","7-51063-37670-9",90359001,"GAIA HERBS","EA 1 OZ","GINKGO LEAF A/F","TPR","Direct",$7.30,25%,$5.48,,$5.48,$10.99,50%
"TPR","Nutrition","7-51063-34180-6",90884001,"GAIA HERBS","EA 1 OZ","GINKGO/GOTU KOLA SUPREME","TPR","Direct",$7.30,25%,$5.48,,$5.48,$10.99,50%
"TPR","Nutrition","7-51063-36150-7",90397001,"GAIA HERBS","EA 1 OZ","HAWTHORN A/F","TPR","Direct",$7.30,25%,$5.48,,$5.48,$10.99,50%
"TPR","Nutrition","7-51063-34010-6",90808001,"GAIA HERBS","EA 1 OZ","ASTRAGALUS SUPREME","TPR","Direct",$7.30,25%,$5.48,,$5.48,$10.99,50%
"TPR","Nutrition","7-51063-34500-2",90121001,"GAIA HERBS","EA 1 OZ","ASTRAGALUS, CH ROOT","TPR","Direct",$7.30,25%,$5.48,,$5.48,$10.99,50%
"TPR","Nutrition","7-51063-35200-0",90292001,"GAIA HERBS","EA 1 OZ","ECHINACEA SUPREME A/F","TPR","Direct",$7.30,25%,$5.48,,$5.48,$10.99,50%
"TPR","Nutrition","7-51063-35250-5",90848001,"GAIA HERBS","EA 1 OZ","ECHINACEA/GOLDENSEAL A/F","TPR","Direct",$7.30,25%,$5.48,,$5.48,$10.99,50%
"TPR","Nutrition","7-51063-34090-8",90836001,"GAIA HERBS","EA 1 OZ","ECHINACEA/GOLDENSEAL SUPREME","TPR","Direct",$7.30,25%,$5.48,,$5.48,$10.99,50%
"TPR","Nutrition","7-51063-37690-7",90488001,"GAIA HERBS","EA 1 OZ","MILK THISTLE SEED LOW ALCOHOL","TPR","Direct",$7.30,25%,$5.48,,$5.48,$10.99,50%
"TPR","Nutrition","7-51063-31090-1",90657001,"GAIA HERBS","EA 1 OZ","ST JOHNSWORT FLOWER BUDS","TPR","Direct",$7.30,25%,$5.48,,$5.48,$10.99,50%
"TPR","Nutrition","7-51063-35340-3",90694001,"GAIA HERBS","EA 1 OZ","VALERIAN ROOT A/F","TPR","Direct",$7.30,25%,$5.48,,$5.48,$10.99,50%
"TPR","Nutrition","7-51063-36006-7",90120001,"GAIA HERBS","EA 1 OZ","ASTRAGALUS, CH A/F","TPR","Direct",$7.30,25%,$5.48,,$5.48,$10.99,50%
"TPR","Nutrition","7-51063-39023-1",90754001,"GAIA HERBS","EA 1 OZ","CHILDREN TUMMY TONIC A/F","TPR","Direct",$7.30,25%,$5.48,,$5.48,$10.99,50%
"TPR","Nutrition","7-51063-32150-1",90361001,"GAIA HERBS","EA 1 OZ","ELEUTHERO ROOT","TPR","Direct",$7.30,25%,$5.48,,$5.48,$10.99,50%
"TPR","Nutrition","7-51063-34210-0",90896001,"GAIA HERBS","EA 1 OZ","JUNIPER BERRY SUPREME","TPR","Direct",$7.40,25%,$5.55,,$5.55,$10.99,49%
"TPR","Nutrition","7-51063-99621-1","90C11090","GAIA HERBS","EA 90 TABS","NATURAL LAXATIVE","TPR","Direct",$7.50,25%,$5.63,,$5.63,$11.29,50%
"TPR","Nutrition","7-51063-99617-4","90C09045","GAIA HERBS","EA 45 TABS","REFLUX RELIEF","TPR","Direct",$7.50,25%,$5.63,,$5.63,$11.29,50%
"TPR","Nutrition","7-51063-40340-5","90A54030","GAIA HERBS","EA 30 CAPS","STRESS RESPONSE","TPR","Direct",$7.50,25%,$5.63,,$5.63,$11.29,50%
"TPR","Nutrition","7-51063-99618-1","90C09KIT","GAIA HERBS","EA 6 TABS","REFLUX RELIEF TRIAL SIZE","TPR","Direct",$7.50,25%,$5.63,,$5.63,$11.29,50%
"TPR","Nutrition","7-51063-39023-1",90754001,"GAIA HERBS","EA 1 OZ","CHILDREN TUMMY TONIC A/F","TPR","Direct",$7.30,25%,$5.63,,$5.63,$10.99,49%
"TPR","Nutrition","7-51063-40372-6","90A38030","GAIA HERBS","EA 30 CAPS","BLACK ELDERBERRY","TPR","Direct",$7.50,25%,$5.63,,$5.63,$10.99,49%
"TPR","Nutrition","7-51063-99622-8","90C11KIT","GAIA HERBS","EA 6 TABS","NATURAL LAXATIVE TRIAL SIZE","TPR","Direct",$7.50,25%,$5.63,,$5.63,$11.29,50%
"TPR","Nutrition","7-51063-30730-7",90475001,"GAIA HERBS","EA 1 OZ","MARSHMALLOW ROOT","TPR","Direct",$7.60,25%,$5.70,,$5.70,$11.49,50%
"TPR","Nutrition","7-51063-37870-3",90550001,"GAIA HERBS","EA 1 OZ","PEPPERMINT LEAF","TPR","Direct",$7.60,25%,$5.70,,$5.70,$11.49,50%
"TPR","Nutrition","7-51063-31040-6",90637001,"GAIA HERBS","EA 1 OZ","SKULLCAP HERB","TPR","Direct",$7.60,25%,$5.70,,$5.70,$11.49,50%
"TPR","Nutrition","7-51063-31160-1",90690001,"GAIA HERBS","EA 1 OZ","VALERIAN ROOT OFFICINALIS D","TPR","Direct",$7.60,25%,$5.70,,$5.70,$11.49,50%
"TPR","Nutrition","7-51063-30820-5",90526001,"GAIA HERBS","EA 1 OZ","WILD OATS MILKY SEED","TPR","Direct",$7.60,25%,$5.70,,$5.70,$11.49,50%
"TPR","Nutrition","7-51063-30495-5",90352001,"GAIA HERBS","EA 1 OZ","GINGER ROOT","TPR","Direct",$7.60,25%,$5.70,,$5.70,$11.49,50%
"TPR","Nutrition","7-51063-30500-6",90356001,"GAIA HERBS","EA 1 OZ","GINKGO LEAF","TPR","Direct",$7.60,25%,$5.70,,$5.70,$11.49,50%
"TPR","Nutrition","7-51063-30550-1",90384001,"GAIA HERBS","EA 1 OZ","GOTU KOLA LEAF & ROOT","TPR","Direct",$7.60,25%,$5.70,,$5.70,$11.49,50%
"TPR","Nutrition","7-51063-37580-1",90389001,"GAIA HERBS","EA 1 OZ","GREEN TEA","TPR","Direct",$7.60,25%,$5.70,,$5.70,$11.49,50%
"TPR","Nutrition","7-51063-32250-8",90487001,"GAIA HERBS","EA 1 OZ","MILK THISTLE SEED","TPR","Direct",$7.60,25%,$5.70,,$5.70,$11.49,50%
"TPR","Nutrition","7-51063-30825-0",90525001,"GAIA HERBS","EA 1 OZ","OLIVE LEAF","TPR","Direct",$7.60,25%,$5.70,,$5.70,$11.49,50%
"TPR","Nutrition","7-51063-37630-3",90528001,"GAIA HERBS","EA 1 OZ","OREGANO LEAF","TPR","Direct",$7.60,25%,$5.70,,$5.70,$11.49,50%
"TPR","Nutrition","7-51063-30860-1",90540001,"GAIA HERBS","EA 1 OZ","PASSIONFLOWER","TPR","Direct",$7.60,25%,$5.70,,$5.70,$11.49,50%
"TPR","Nutrition","7-51063-31160-1",90690001,"GAIA HERBS","EA 1 OZ","VALERIAN RT OFFICINALIS D","TPR","Direct",$7.60,25%,$5.70,,$5.70,$11.49,50%
"TPR","Nutrition","7-51063-36080-7",90133001,"GAIA HERBS","EA 1 OZ","BILBERRY","TPR","Direct",$7.60,25%,$5.70,,$5.70,$11.49,50%
"TPR","Nutrition","7-51063-36140-8",90840001,"GAIA HERBS","EA 1 OZ","ECH/GOLD/PRP THROAT SPRAY","TPR","Direct",$7.80,25%,$5.85,,$5.85,$11.49,49%
"TPR","Nutrition","7-51063-34080-9",90832001,"GAIA HERBS","EA 1 OZ","ECHINACEA SUPREME","TPR","Direct",$7.80,25%,$5.85,,$5.85,$11.49,49%
"TPR","Nutrition","7-51063-34175-2",90878001,"GAIA HERBS","EA 1 OZ","BREATHE NATURALLY","TPR","Direct",$8.00,25%,$6.00,,$6.00,$11.49,48%
"TPR","Nutrition","7-51063-34070-0",90830001,"GAIA HERBS","EA 1 OZ","DONG QUAI SUPREME","TPR","Direct",$8.00,25%,$6.00,,$6.00,$11.49,48%
"TPR","Nutrition","7-51063-32300-0",90577001,"GAIA HERBS","EA 1 OZ","PROPOLIS","TPR","Direct",$8.00,25%,$6.00,,$6.00,$11.49,48%
"TPR","Nutrition","7-51063-34130-1",90860001,"GAIA HERBS","EA 1 OZ","FEVERFEW/JAMAICAN DOGWOOD SUPREME","TPR","Direct",$8.00,25%,$6.00,,$6.00,$11.49,48%
"TPR","Nutrition","7-51063-34190-5",90888001,"GAIA HERBS","EA 1 OZ","HAWTHORN SUPREME","TPR","Direct",$8.00,25%,$6.00,,$6.00,$11.49,48%
"TPR","Nutrition","7-51063-39501-4","90A05030","GAIA HERBS","EA 30 CAPS","ECHINACEA SUPREME","TPR","Direct",$8.00,25%,$6.00,,$6.00,$11.99,50%
"TPR","Nutrition","7-51063-39613-4","90A25030","GAIA HERBS","EA 30 CAPS","SOUND SLEEP","TPR","Direct",$8.00,25%,$6.00,,$6.00,$11.99,50%
"TPR","Nutrition","7-51063-34230-8",90904001,"GAIA HERBS","EA 1 OZ","NICOTINE RELIEF","TPR","Direct",$8.60,25%,$6.45,,$6.45,$12.99,50%
"TPR","Nutrition","7-51063-33350-4",90014002,"GAIA HERBS","EA 2 OZ","SERENITY HERBAL ELIXIR","TPR","Direct",$8.60,25%,$6.45,,$6.45,$12.99,50%
"TPR","Nutrition","7-51063-34350-3",90960001,"GAIA HERBS","EA 1 OZ","USNEA/UVA URSI SUPREME","TPR","Direct",$8.60,25%,$6.45,,$6.45,$12.99,50%
"TPR","Nutrition","7-51063-34360-2",90964001,"GAIA HERBS","EA 1 OZ","VITEX/ALFALFA SUPREME","TPR","Direct",$8.60,25%,$6.45,,$6.45,$12.99,50%
"TPR","Nutrition","7-51063-33380-1",90020002,"GAIA HERBS","EA 2 OZ","VITEX ELIXIR","TPR","Direct",$8.60,25%,$6.45,,$6.45,$12.99,50%
"TPR","Nutrition","7-51063-34110-3",90852001,"GAIA HERBS","EA 1 OZ","EYEBRIGHT/BAYBERRY SUPREME","TPR","Direct",$8.80,25%,$6.60,,$6.60,$12.99,49%
"TPR","Nutrition","7-51063-30540-2",90377001,"GAIA HERBS","EA 1 OZ","GOLDENSEAL ROOT","TPR","Direct",$8.80,25%,$6.60,,$6.60,$12.99,49%
"TPR","Nutrition","7-51063-99620-4","90C10KIT","GAIA HERBS","EA 6 CAPS","GAS & BLOATING TRIAL SIZE","TPR","Direct",$9.00,25%,$6.75,,$6.75,$13.49,50%
"TPR","Nutrition","7-51063-34000-7",9080001,"GAIA HERBS","EA 1 OZ","WORMWOOD BLACK WALNUT SUPREPE","TPR","Direct",$9.20,25%,$6.90,,$6.90,$13.99,51%
"TPR","Nutrition","7-51063-35050-1",90739001,"GAIA HERBS","EA 1 OZ","YOHIMBE BARK","TPR","Direct",$9.20,25%,$6.90,,$6.90,$13.99,51%
"TPR","Nutrition","7-51063-34160-8",90872001,"GAIA HERBS","EA 1 OZ","GINSENG/SCHISANDRA SUPREME","TPR","Direct",$9.20,25%,$6.90,,$6.90,$13.99,51%
"TPR","Nutrition","7-51063-30650-8",90433001,"GAIA HERBS","EA 1 OZ","KAVA KAVA ROOT","TPR","Direct",$9.20,25%,$6.90,,$6.90,$13.99,51%
"TPR","Nutrition","7-51063-37700-3",90434001,"GAIA HERBS","EA 1 OZ","KAVA KAVA ROOT LOW ALCOHOL","TPR","Direct",$9.50,25%,$7.13,,$7.13,$13.99,49%
"TPR","Nutrition","7-51063-34266-7",90917001,"GAIA HERBS","EA 1 OZ","OSHA SUPREME","TPR","Direct",$9.60,25%,$7.20,,$7.20,$13.99,49%
"TPR","Nutrition","7-51063-34390-9",90976065,"GAIA HERBS","EA 110G","REJUVE GENTLE DAILY FIBER","TPR","Direct",$9.60,25%,$7.20,,$7.20,$13.99,49%
"TPR","Nutrition","7-51063-34016-8",90809001,"GAIA HERBS","EA 1 OZ","FLORA WELLNESS A/F","TPR","Direct",$9.70,25%,$7.28,,$7.28,$13.99,48%
"TPR","Nutrition","7-51063-99656-3","90E03060","GAIA HERBS","EA 60 CAPS","ACAI BERRY","TPR","Direct",$10.00,25%,$7.50,,$7.50,$14.99,50%
"TPR","Nutrition","7-51063-99619-8","90C10050","GAIA HERBS","EA 50 CAPS","GAS & BLOATING","TPR","Direct",$10.00,25%,$7.50,,$7.50,$14.99,50%
"TPR","Nutrition","7-51063-40381-8","90A67030","GAIA HERBS","EA 30 CAPS","GINGER SUPREME W TURMERIC","TPR","Direct",$10.00,25%,$7.50,,$7.50,$14.99,50%
"TPR","Nutrition","7-51063-99625-9","90C08003","GAIA HERBS","EA 3 OZ","BLACK ELDERBERRY NIGHTTIME SYRUP","TPR","Direct",$10.00,25%,$7.50,,$7.50,$14.99,50%
"TPR","Nutrition","7-51063-99626-6","90C07003","GAIA HERBS","EA 3 OZ","BLACK ELDERBERRY SYRUP","TPR","Direct",$10.00,25%,$7.50,,$7.50,$14.99,50%
"TPR","Nutrition","7-51063-80002-0","90C045P4","GAIA HERBS","EA 5.4 OZ","BRONCHIAL WELLNESS HERBAL SYRUP","TPR","Direct",$10.00,25%,$7.50,,$7.50,$14.99,50%
"TPR","Nutrition","7-51063-99629-7","90C419P5","GAIA HERBS","EA 9.5 OZ","CHIA FRESH DAILY FIBER","TPR","Direct",$10.00,25%,$7.50,,$7.50,$14.99,50%
"TPR","Nutrition","7-51063-99627-3","90C40090","GAIA HERBS","EA 90 CAPS","CHIA FRESH OMEGA-3-EFA VEG","TPR","Direct",$10.00,25%,$7.50,,$7.50,$14.99,50%
"TPR","Nutrition","7-51063-99619-8","90C10050","GAIA HERBS","EA 50 CAPS","GAS & BLOATING","TPR","Direct",$10.00,25%,$7.50,,$7.50,$14.99,50%
"TPR","Nutrition","7-51063-80005-1","90C06001","GAIA HERBS","EA 1 OZ","THROAT SHIELD SAGE AND ALOE SPRAY","TPR","Direct",$10.00,25%,$7.50,,$7.50,$14.99,50%
"TPR","Nutrition","7-51063-99664-8","90E01050","GAIA HERBS","EA 50 CAPS","RESVERATROL-150","TPR","Direct",$10.00,25%,$7.50,,$7.50,$14.99,50%
"TPR","Nutrition","7-51063-35210-9",90379001,"GAIA HERBS","EA 1 OZ","GOLDENSEAL RT A/F","TPR","Direct",$10.20,25%,$7.65,,$7.65,$15.29,50%
"TPR","Nutrition","7-51063-33360-3",90016002,"GAIA HERBS","EA 2 OZ","SWEETISH BITTERS ELIXIR","TPR","Direct",$10.30,25%,$7.73,,$7.73,$15.29,49%
"TPR","Nutrition","7-51063-40361-0","90A65020","GAIA HERBS","EA 20 CAPS","QUICK DEFENSE","TPR","Direct",$11.50,25%,$8.63,,$8.63,$17.29,50%
"TPR","Nutrition","7-51063-34170-7",90876001,"GAIA HERBS","EA 1 OZ","GINSENG SUPREME","TPR","Direct",$12.20,25%,$9.15,,$9.15,$18.29,50%
"TPR","Nutrition","7-51063-30520-4",90367001,"GAIA HERBS","EA 1OZ","GINGSENG ROOT AMERICAN","TPR","Direct",$12.20,25%,$9.15,,$9.15,$18.29,50%
"TPR","Nutrition","7-51063-40200-2","90A35060","GAIA HERBS","EA 60 CAPS","GREEN TEA","TPR","Direct",$13.00,25%,$9.75,,$9.75,$19.49,50%
"TPR","Nutrition","7-51063-40100-5","90A41060","GAIA HERBS","EA 60 CAPS","CHOLESTEROL MAINTENANCE","TPR","Direct",$13.00,25%,$9.75,,$9.75,$19.49,50%
"TPR","Nutrition","7-51063-39830-5","90A04060","GAIA HERBS","EA 60 CAPS","ECHINACEA GOLDENSEAL SUPREME","TPR","Direct",$13.00,25%,$9.75,,$9.75,$19.49,50%
"TPR","Nutrition","7-51063-39712-4","90A27060","GAIA HERBS","EA 60 CAPS","ANTI OXIDANT SURPEME","TPR","Direct",$13.00,25%,$9.75,,$9.75,$19.49,50%
"TPR","Nutrition","7-51063-40220-0","90A50060","GAIA HERBS","EA 60 CAPS","LACTATE SUPPORT","TPR","Direct",$13.00,25%,$9.75,,$9.75,$19.49,50%
"TPR","Nutrition","7-51063-40140-1","90A42060","GAIA HERBS","EA 60 CAPS","ALLER-LEAF","TPR","Direct",$13.00,25%,$9.75,,$9.75,$19.49,50%
"TPR","Nutrition","7-51063-40150-0","90A46060","GAIA HERBS","EA 60 CAPS","ASTRAGALUS SUPREME","TPR","Direct",$13.00,25%,$9.75,,$9.75,$19.49,50%
"TPR","Nutrition","7-51063-40190-6","90A33060","GAIA HERBS","EA 60 CAPS","BLACK COHOSH","TPR","Direct",$13.00,25%,$9.75,,$9.75,$19.49,50%
"TPR","Nutrition","7-51063-40060-2","90A38060","GAIA HERBS","EA 60 CAPS","BLACK ELDERBERRY","TPR","Direct",$13.00,25%,$9.75,,$9.75,$19.49,50%
"TPR","Nutrition","7-51063-40320-7","90A60060","GAIA HERBS","EA 60 CAPS","CINNAMON BARK","TPR","Direct",$13.00,25%,$9.75,,$9.75,$19.49,50%
"TPR","Nutrition","7-51063-40330-6","90A62060","GAIA HERBS","EA 60 CAPS","CRANBERRY CONCENTRATE","TPR","Direct",$13.00,25%,$9.75,,$9.75,$19.49,50%
"TPR","Nutrition","7-51063-39820-6","90A03060","GAIA HERBS","EA 60 CAPS","DIET SLIM","TPR","Direct",$13.00,25%,$9.75,,$9.75,$19.49,50%
"TPR","Nutrition","7-51063-39830-5","90A04060","GAIA HERBS","EA 60 CAPS","ECHINACEA GOLDENSEAL SUPREME","TPR","Direct",$13.00,25%,$9.75,,$9.75,$19.49,50%
"TPR","Nutrition","7-51063-39672-1","90A24060","GAIA HERBS","EA 60 CAPS","ELEUTHERO ROOT","TPR","Direct",$13.00,25%,$9.75,,$9.75,$19.49,50%
"TPR","Nutrition","7-51063-39850-3","90A06060","GAIA HERBS","EA 60 CAPS","ENERGY & VITALITY","TPR","Direct",$13.00,25%,$9.75,,$9.75,$19.49,50%
"TPR","Nutrition","7-51063-40260-6","90A53060","GAIA HERBS","EA 60 CAPS","FENUGREEK SUPREME","TPR","Direct",$13.00,25%,$9.75,,$9.75,$19.49,50%
"TPR","Nutrition","7-51063-40290-3","90A56060","GAIA HERBS","EA 60 CAPS","GLYCEMIC HEALTH","TPR","Direct",$13.00,25%,$9.75,,$9.75,$19.49,50%
"TPR","Nutrition","7-51063-40000-8","90A31060","GAIA HERBS","EA 60 CAPS","HAWTHORN SUPREME","TPR","Direct",$13.00,25%,$9.75,,$9.75,$19.49,50%
"TPR","Nutrition","7-51063-40010-7","90A32060","GAIA HERBS","EA 60 CAPS","HEP SUPPORT","TPR","Direct",$13.00,25%,$9.75,,$9.75,$19.49,50%
"TPR","Nutrition","7-51063-40220-0","90A50060","GAIA HERBS","EA 60 CAPS","LACTATE SUPPORT","TPR","Direct",$13.00,25%,$9.75,,$9.75,$19.49,50%
"TPR","Nutrition","7-51063-39900-5","90A11060","GAIA HERBS","EA 60 CAPS","LIVER HEALTH","TPR","Direct",$13.00,25%,$9.75,,$9.75,$19.49,50%
"TPR","Nutrition","7-51063-39910-4","90A12060","GAIA HERBS","EA 60 CAPS","MALE LIBIDO","TPR","Direct",$13.00,25%,$9.75,,$9.75,$19.49,50%
"TPR","Nutrition","7-51063-39860-2","90A07060","GAIA HERBS","EA 60 CAPS","MENTAL ALERTNESS","TPR","Direct",$13.00,25%,$9.75,,$9.75,$19.49,50%
"TPR","Nutrition","7-51063-39880-0","90A09060","GAIA HERBS","EA 60 CAPS","MIGRA PROFEN","TPR","Direct",$13.00,25%,$9.75,,$9.75,$19.49,50%
"TPR","Nutrition","7-51063-39950-0","90A16060","GAIA HERBS","EA 60 CAPS","OIL OF OREGANO","TPR","Direct",$13.00,25%,$9.75,,$9.75,$19.49,50%
"TPR","Nutrition","7-51063-39940-1","90A15060","GAIA HERBS","EA 60 CAPS","OLIVE LEAF","TPR","Direct",$13.00,25%,$9.75,,$9.75,$19.49,50%
"TPR","Nutrition","7-51063-39960-9","90A17060","GAIA HERBS","EA 60 CAPS","PHYTO ESTROGEN","TPR","Direct",$13.00,25%,$9.75,,$9.75,$19.49,50%
"TPR","Nutrition","7-51063-39512-0","90A18060","GAIA HERBS","EA 60 CAPS","PHYTO PROZ","TPR","Direct",$13.00,25%,$9.75,,$9.75,$19.49,50%
"TPR","Nutrition","7-51063-40030-5","90A34060","GAIA HERBS","EA 60 CAPS","RESPIRATORY DEFENSE","TPR","Direct",$13.00,25%,$9.75,,$9.75,$19.49,50%
"TPR","Nutrition","7-51063-40170-8","90A47060","GAIA HERBS","EA 60 CAPS","RHODIOLA ROSEA","TPR","Direct",$13.00,25%,$9.75,,$9.75,$19.49,50%
"TPR","Nutrition","7-51063-39652-3","90A23060","GAIA HERBS","EA 60 CAPS","SERENITY","TPR","Direct",$13.00,25%,$9.75,,$9.75,$19.49,50%
"TPR","Nutrition","7-51063-40080-0","90A40060","GAIA HERBS","EA 60 CAPS","SKIN AND NAIL SUPPORT","TPR","Direct",$13.00,25%,$9.75,,$9.75,$19.49,50%
"TPR","Nutrition","7-51063-39612-7","90A25060","GAIA HERBS","EA 60 CAPS","SOUND SLEEP","TPR","Direct",$13.00,25%,$9.75,,$9.75,$19.49,50%
"TPR","Nutrition","7-51063-39990-6","90A30060","GAIA HERBS","EA 60 CAPS","THYROID SUPPORT","TPR","Direct",$13.00,25%,$9.75,,$9.75,$19.49,50%
"TPR","Nutrition","7-51063-39632-5","90A26060","GAIA HERBS","EA 60 CAPS","VALERIAN ROOT","TPR","Direct",$13.00,25%,$9.75,,$9.75,$19.49,50%
"TPR","Nutrition","7-51063-39970-8","90A28060","GAIA HERBS","EA 60 CAPS","VISION ENHANCEMENT","TPR","Direct",$13.00,25%,$9.75,,$9.75,$19.49,50%
"TPR","Nutrition","7-51063-39980-7","90A29060","GAIA HERBS","EA 60 CAPS","WOMENS LIBIDO","TPR","Direct",$13.00,25%,$9.75,,$9.75,$19.49,50%
"TPR","Nutrition","7-51063-39031-6",90756002,"GAIA HERBS","EA 2 OZ","CHILDREN COUGH SYRUP FOR WET COUGHS A/F","TPR","Direct",$13.20,25%,$9.90,,$9.90,$19.99,50%
"TPR","Nutrition","7-51063-39171-9",90784002,"GAIA HERBS","EA 2 OZ","CHILDREN COUGH SYRUP FOR DRY COUGHS A/F","TPR","Direct",$13.20,25%,$9.90,,$9.90,$19.99,50%
"TPR","Nutrition","7-51063-40240-8","90A51060","GAIA HERBS","EA 60 CAPS","JOINT HEALTH","TPR","Direct",$13.50,25%,$10.13,,$10.13,$19.99,49%
"TPR","Nutrition","7-51063-39840-4","90A05060","GAIA HERBS","EA 60 CAPS","ECHINACEA SUPREME","TPR","Direct",$13.50,25%,$10.13,,$10.13,$19.99,49%
"TPR","Nutrition","7-51063-39930-2","90A14060","GAIA HERBS","EA 60 CAPS","NETTLE LEAF","TPR","Direct",$13.50,25%,$10.13,,$10.13,$19.99,49%
"TPR","Nutrition","7-51063-39572-4","90A21060","GAIA HERBS","EA 60 CAPS","SAW PALMETTO","TPR","Direct",$13.50,25%,$10.13,,$10.13,$19.99,49%
"TPR","Nutrition","7-51063-39592-2","90A22060","GAIA HERBS","EA 60 CAPS","ST JOHNS WORT","TPR","Direct",$13.50,25%,$10.13,,$10.13,$19.99,49%
"TPR","Nutrition","7-51063-40270-5","90A61060","GAIA HERBS","EA 60 CAPS","PARA SHIELD","TPR","Direct",$14.00,25%,$10.50,,$10.50,$20.99,50%
"TPR","Nutrition","7-51063-34311-4",90944002,"GAIA HERBS","EA 2 OZ","SKULLCAP/ST JOHNSWORT SUPREME","TPR","Direct",$14.10,25%,$10.58,,$10.58,$20.99,50%
"TPR","Nutrition","7-51063-32071-9",90229002,"GAIA HERBS","EA 2 OZ","CHASTE TREE BERRY","TPR","Direct",$14.50,25%,$10.88,,$10.88,$21.79,50%
"TPR","Nutrition","7-51063-34101-1",90844002,"GAIA HERBS","EA 2 OZ","ECHINACEA RED ROOT SUPREME","TPR","Direct",$14.50,25%,$10.88,,$10.88,$21.79,50%
"TPR","Nutrition","7-51063-37691-4",90488002,"GAIA HERBS","EA 2 OZ","MILK THISTLE SEED LOW ALCOHOL","TPR","Direct",$14.50,25%,$10.88,,$10.88,$21.79,50%
"TPR","Nutrition","7-51063-31061-1",90646002,"GAIA HERBS","EA 2 OZ","SLIPPERY ELM","TPR","Direct",$14.50,25%,$10.88,,$10.88,$21.79,50%
"TPR","Nutrition","7-51063-31091-8",90657002,"GAIA HERBS","EA 2 OZ","ST JOHNSWORT FLOWER BUDS","TPR","Direct",$14.50,25%,$10.88,,$10.88,$21.79,50%
"TPR","Nutrition","7-51063-34141-7",90864002,"GAIA HERBS","EA 2 OZ","FEM-RESTORE","TPR","Direct",$14.50,25%,$10.88,,$10.88,$21.79,50%
"TPR","Nutrition","7-51063-35201-7",90292002,"GAIA HERBS","EA 2 OZ","ECHINACEA SUPREME A/F","TPR","Direct",$14.50,25%,$10.88,,$10.88,$21.79,50%
"TPR","Nutrition","7-51063-35251-2",90848002,"GAIA HERBS","EA 2 OZ","ECHINACEA/GOLDENSEAL A/F","TPR","Direct",$14.50,25%,$10.88,,$10.88,$21.79,50%
"TPR","Nutrition","7-51063-34091-5",90836002,"GAIA HERBS","EA 2 OZ","ECHINACEA/GOLDENSEAL SUPREME","TPR","Direct",$14.50,25%,$10.88,,$10.88,$21.79,50%
"TPR","Nutrition","7-51063-40130-2","90A44060","GAIA HERBS","EA 60 CAPS","LIQUI-LIEVE","TPR","Direct",$14.50,25%,$10.88,,$10.88,$21.79,50%
"TPR","Nutrition","7-51063-40230-9","90A58060","GAIA HERBS","EA 60 CAPS","HOLY BASIL","TPR","Direct",$14.50,25%,$10.88,,$10.88,$21.79,50%
"TPR","Nutrition","7-51063-40050-3","90A36060","GAIA HERBS","EA 60 CAPS","INFLA PROFEN","TPR","Direct",$14.50,25%,$10.88,,$10.88,$21.79,50%
"TPR","Nutrition","7-51063-34391-6",90976010,"GAIA HERBS","EA 215G","REJUVE GENTLE DAILY FIBER","TPR","Direct",$15.00,25%,$11.25,,$11.25,$22.49,50%
"TPR","Nutrition","7-51063-83701-9",90837001,"GAIA HERBS","EA 1 OZ","ECHINACEA/GOLDENSEAL EXTRA STRENGTH","TPR","Direct",$15.00,25%,$11.25,,$11.25,$22.49,50%
"TPR","Nutrition","7-51063-83301-1",90833001,"GAIA HERBS","EA 1OZ","ECHINACEA SUPREME EXTRA STRENGTH","TPR","Direct",$15.00,25%,$11.25,,$11.25,$22.49,50%
"TPR","Nutrition","7-51063-40300-9","90A57060","GAIA HERBS","EA 60 CAPS","ADRENAL HEALTH","TPR","Direct",$15.00,25%,$11.25,,$11.25,$22.49,50%
"TPR","Nutrition","7-51063-40090-9","90A37060","GAIA HERBS","EA 60 CAPS","URINARY SUPPORT","TPR","Direct",$15.00,25%,$11.25,,$11.25,$22.49,50%
"TPR","Nutrition","7-51063-80004-4","90C085P4","GAIA HERBS","EA 5.4 OZ","BLACK ELDERBERRY NIGHTTIME SYRUP","TPR","Direct",$15.00,25%,$11.25,,$11.25,$22.49,50%
"TPR","Nutrition","7-51063-80003-7","90C075P4","GAIA HERBS","EA 5.4 OZ","BLACK ELDERBERRY SYRUP","TPR","Direct",$15.00,25%,$11.25,,$11.25,$22.49,50%
"TPR","Nutrition","7-51063-39870-1","90A08060","GAIA HERBS","EA 60 CAPS","GINKGO LEAF","TPR","Direct",$15.00,25%,$11.25,,$11.25,$22.49,50%
"TPR","Nutrition","7-51063-40120-3","90A45060","GAIA HERBS","EA 60 CAPS","MAITAKE DEFENSE","TPR","Direct",$15.00,25%,$11.25,,$11.25,$22.49,50%
"TPR","Nutrition","7-51063-39920-3","90A13060","GAIA HERBS","EA 60 CAPS","MILK THISTLE SEED","TPR","Direct",$15.00,25%,$11.25,,$11.25,$22.49,50%
"TPR","Nutrition","7-51063-40280-4","90A55060","GAIA HERBS","EA 60 CAPS","PROSTATE HEALTH","TPR","Direct",$15.00,25%,$11.25,,$11.25,$22.49,50%
"TPR","Nutrition","7-51063-40310-8","90A63060","GAIA HERBS","EA 60 CAPS","TURMERIC SUPREME","TPR","Direct",$15.00,25%,$11.25,,$11.25,$22.49,50%
"TPR","Nutrition","7-51063-40350-4","90A64060","GAIA HERBS","EA 60 CAPS","WHOLE BODY DEFENSE","TPR","Direct",$15.00,25%,$11.25,,$11.25,$22.49,50%
"TPR","Nutrition","7-51063-39890-9","90A10060","GAIA HERBS","EA 60 CAPS","KAVA KAVA","TPR","Direct",$15.00,25%,$11.25,,$11.25,$22.49,50%
"TPR","Nutrition","7-51063-30826-7",90525002,"GAIA HERBS","EA 2 OZ","OLIVE LEAF","TPR","Direct",$15.20,25%,$11.40,,$11.40,$22.79,50%
"TPR","Nutrition","7-51063-33381-8",90020004,"GAIA HERBS","EA 4 OZ","VITEX ELIXIR","TPR","Direct",$15.20,25%,$11.40,,$11.40,$22.79,50%
"TPR","Nutrition","7-51063-34081-6",90832002,"GAIA HERBS","EA 2 OZ","ECHINACEA SUPREME","TPR","Direct",$15.20,25%,$11.40,,$11.40,$22.79,50%
"TPR","Nutrition","7-51063-34191-2",90888002,"GAIA HERBS","EA 2 OZ","HAWTHORN SUPREME","TPR","Direct",$15.20,25%,$11.40,,$11.40,$22.79,50%
"TPR","Nutrition","7-51063-34111-0",90852002,"GAIA HERBS","EA 2 OZ","EYEBRIGHT/BAYBERRY SUPREME","TPR","Direct",$17.00,25%,$12.75,,$12.75,$25.49,50%
"TPR","Nutrition","7-51063-30541-9",90377002,"GAIA HERBS","EA 2 OZ","GOLDENSEAL ROOT","TPR","Direct",$17.00,25%,$12.75,,$12.75,$25.49,50%
"TPR","Nutrition","7-51063-40380-1",90864001,"GAIA HERBS","EA 60 CAPS","GINGER SUPREME W TURMERIC","TPR","Direct",$17.50,25%,$13.13,,$13.13,$25.99,49%
"TPR","Nutrition","7-51063-43201-6",90432001,"GAIA HERBS","EA 1 OZ","KAVA KAVA ROOT EXTRA STRENGTH","TPR","Direct",$17.90,25%,$13.43,,$13.43,$26.99,50%
"TPR","Nutrition","7-51063-35110-2",90024003,"GAIA HERBS","EA 3 OZ","HAWTHORN SOLD EXTRACT","TPR","Direct",$17.90,25%,$13.43,,$13.43,$26.99,50%
"TPR","Nutrition","7-51063-43201-6",90432001,"GAIA HERBS","EA 1 OZ","KAVA KAVA EXTRA STRENGTH","TPR","Direct",$17.90,25%,$13.43,,$13.43,$26.99,50%
"TPR","Nutrition","7-51063-37701-0",90434002,"GAIA HERBS","EA 2 OZ","KAVA KAVA ROOT LOW ALCOHOL","TPR","Direct",$18.00,25%,$13.50,,$13.50,$26.99,50%
"TPR","Nutrition","7-51063-30651-5",90433002,"GAIA HERBS","EA 2 OZ","KAVA KAVA ROOT","TPR","Direct",$18.00,25%,$13.50,,$13.50,$26.99,50%
"TPR","Nutrition","7-51063-30651-5",90433002,"GAIA HERBS","EA 2 OZ","KAVA KAVA ROOT","TPR","Direct",$18.00,25%,$13.50,,$13.50,$26.99,50%
"TPR","Nutrition","7-51063-01100-6","90A90KIT","GAIA HERBS","EA KIT","FIT FOR HEALTH KIT","TPR","Direct",$18.50,25%,$13.88,,$13.88,$27.99,50%
"TPR","Nutrition","7-51063-33361-0",90016004,"GAIA HERBS","EA 4 OZ","SWEETISH BITTERS ELIXIR","TPR","Direct",$19.40,25%,$14.55,,$14.55,$28.99,50%
"TPR","Nutrition","7-51063-40360-3","90A65040","GAIA HERBS","EA 40 CAPS","QUICK DEFENSE","TPR","Direct",$20.00,25%,$15.00,,$15.00,$29.99,50%
"TPR","Nutrition","7-51063-00995-9","90098KIT","GAIA HERBS","EA KIT","CANDIDA SUPREME VITAL CLEANSE","TPR","Direct",$21.50,25%,$16.13,,$16.13,$31.99,50%
"TPR","Nutrition","7-51063-99669-3","90A16120","GAIA HERBS","EA 120 CAPS","OIL OF OREGANO","TPR","Direct",$21.50,25%,$16.13,,$16.13,$31.99,50%
"TPR","Nutrition","7-51063-99666-2","90A25120","GAIA HERBS","EA 120 CAPS","SOUND SLEEP ","TPR","Direct",$21.50,25%,$16.13,,$16.13,$31.99,50%
"TPR","Nutrition","7-51063-99667-9","90A30120","GAIA HERBS","EA 120 CAPS","THYROID SUPPORT","TPR","Direct",$21.50,25%,$16.13,,$16.13,$31.99,50%
"TPR","Nutrition","7-51063-83302-8",90833002,"GAIA HERBS","EA 2 OZ","ECHINACEA SUPREME EXTRA STRENGTH","TPR","Direct",$23.30,25%,$17.48,,$17.48,$34.99,50%
"TPR","Nutrition","7-51063-00991-1","90099KIT","GAIA HERBS","EA KIT","SUPREME CLEANSE KIT","TPR","Direct",$24.00,25%,$18.00,,$18.00,$35.99,50%
"TPR","Nutrition","7-51063-99668-6","90A57120","GAIA HERBS","EA 120 CAPS","ADRENAL HEALTH","TPR","Direct",$25.00,25%,$18.75,,$18.75,$37.99,51%
"TPR","Nutrition","7-51063-30362-0",90274004,"GAIA HERBS","EA 4 OZ","DANDELION ROOT AND LEAF","TPR","Direct",$25.20,25%,$18.90,,$18.90,$37.99,50%
"TPR","Nutrition","7-51063-31132-8",90676004,"GAIA HERBS","EA 4 OZ","TURMERIC ROOT","TPR","Direct",$25.20,25%,$18.90,,$18.90,$37.99,50%
"TPR","Nutrition","7-51063-30827-4",90525004,"GAIA HERBS","EA 4 OZ","OLIVE LEAF","TPR","Direct",$26.50,25%,$19.88,,$19.88,$39.99,50%
"TPR","Nutrition","7-51063-32251-5",90487002,"GAIA HERBS","EA 2 OZ","MILK THISTLE SEED","TPR","Direct",$26.50,25%,$19.88,,$19.88,$39.99,50%
"TPR","Nutrition","7-51063-43202-3",90432002,"GAIA HERBS","EA 2 OZ","KAVA KAVA ROOT EXTRA STRENGTH","TPR","Direct",$30.00,25%,$22.50,,$22.50,$44.99,50%
"TPR","Nutrition","7-51063-37770-6",90083001,"GAIA HERBS","EA 1 OZ","KAVA KAVA ROOT PROF STRENGTH","TPR","Direct",$30.70,25%,$23.03,,$23.03,$45.99,50%
"TPR","Nutrition","7-51063-40420-4","90A81KIT","GAIA HERBS","EA 10 CAPS","ENERGY/VITALITY TRIAL SIZE","TPR","Direct",$43.00,25%,$32.25,,$32.25,$63.99,50%
"TPR","Nutrition","7-51063-40460-0","90A85KIT","GAIA HERBS","EA 10 CAPS","SOUND SLEEP TRIAL SIZE TRAY","TPR","Direct",$43.00,25%,$32.25,,$32.25,$63.99,50%
"TPR","Nutrition","7-51063-99611-2","90B54KIT","GAIA HERBS","EA 10 CAP","STRESS RESPONSE TRIAL SIZE","TPR","Direct",$47.50,25%,$35.63,,$35.63,$71.99,51%
"TPR","Nutrition","7-51063-40430-3","90A82KIT","GAIA HERBS","EA 10 CAPS","KAVE KAVA TRIAL SIZE","TPR","Direct",$48.00,25%,$36.00,,$36.00,$71.99,50%
"TPR","Nutrition","7-65704-31901-7",31901,"Herbs, Etc.","EA 1 OZ","ChlorOxygen Chlorophyll Concentrate","TPR","Direct",$7.55,20%,$5.66,,$5.66,$10.99,48%
"TPR","Nutrition","7-65704-31902-4",31902,"Herbs, Etc.","EA 2 OZ","ChlorOxygen Chlorophyll Concentrate","TPR","Direct",$13.49,20%,$10.12,,$10.12,$19.99,49%
"TPR","Nutrition","7-65704-31921-5",31921,"Herbs, Etc.","EA 1 OZ","Mint ChlorOxygen Concentrate ","TPR","Direct",$7.55,20%,$5.66,,$5.66,$10.99,48%
"TPR","Nutrition","7-65704-31922-2",31922,"Herbs, Etc.","EA 2 OZ","Mint ChlorOxygen Concentrate ","TPR","Direct",$13.49,20%,$10.12,,$10.12,$19.99,49%
"TPR","Nutrition","7-65704-51926-4",51926,"Herbs, Etc.","EA 60 CAP","ChlorOxygen Chlorophyll Softgels","TPR","Direct",$6.99,20%,$5.24,,$5.24,$9.99,48%
"TPR","Nutrition","3-54973-29522-3",346882,"HYLAND","EA 100 TAB","FLU TABLETS","TPR",,$5.00,20%,$4.07,,$4.07,$7.99,49%
"TPR","Nutrition","3-54973-29542-1",346841,"HYLAND","EA 100 TAB","BRONCHIAL COUGH","TPR",,$5.00,20%,$4.07,,$4.07,$7.99,49%
"TPR","Nutrition","3-54973-29591-9",347088,"HYLAND","EA 50 TAB","SINUS TABLETS","TPR","SN",$3.68,20%,$2.94,,$2.94,$5.99,51%
"TPR","Nutrition","3-54973-29592-6",346940,"HYLAND","EA 100 TAB","SINUS TABLETS","TPR",,$5.00,20%,$4.07,,$4.07,$7.99,49%
"TPR","Nutrition","3-54973-30101-6",583989,"HYLAND","EA 50 TAB","COLD TABLETS WITH ZIN","TPR","SN GRW",$5.09,20%,$3.32,,$3.32,$6.49,49%
"TPR","Nutrition","3-54973-30152-8",522573,"HYLAND","EA 120 TAB","COMPLETE FLU CARE","TPR",,$6.62,20%,$5.38,,$5.38,$10.99,51%
"TPR","Nutrition","3-54973-91042-3",346866,"HYLAND","EA 100 TAB","COUGH TABLETS","TPR",,$5.00,20%,$4.07,,$4.07,$7.99,49%
"TPR","Nutrition","3-54973-91202-1",346924,"HYLAND","EA 100 TAB","SORE THROAT TABLETS","TPR",,$5.00,20%,$4.07,,$4.07,$7.99,49%
"TPR","Nutrition","5-42501-03918-2","BM9182","Natural Factors","EA 30","BioSil","TPR","Direct",$9.48,25%,$7.11,,$7.11,$13.99,49%
"TPR","Nutrition","5-42501-03918-3","BM9183","Natural Factors","EA 60","BioSil","TPR","Direct",$16.99,25%,$12.74,,$12.74,$24.99,49%
"TPR","Nutrition","5-42501-03918-6","BM9186","Natural Factors","EA 120","BioSil","TPR","Direct",$29.99,25%,$22.49,,$22.49,$44.99,50%
"TPR","Nutrition","5-42501-03918-5","BM9185","Natural Factors","EA .5oz","BioSil","TPR","Direct",$11.99,25%,$8.99,,$8.99,$17.99,50%
"TPR","Nutrition","5-42501-03918-4","BM9184","Natural Factors","EA 1 oz","BioSil","TPR","Direct",$17.99,25%,$13.49,,$13.49,$26.99,50%
"TPR","Nutrition","8-18692-00300-7",850297,"PEACEM","EA 2 OZ","THROAT RESCUE","TPR","SN",$7.55,25%,$4.59,,$4.59,$8.99,49%
"TPR","Nutrition","8-18692-00505-6",416693,"PEACEM","EA 4 CT","TRAVEL RESCUE KIT","TPR","SN",$10.78,25%,$6.56,,$6.56,$12.99,49%
"TPR","Nutrition","8-18692-00507-0",840215,"PEACEM","EA 2 OZ","MINI STOMACH RESCUE","TPR","SN",$3.51,25%,$2.13,,$2.13,$4.29,50%
"TPR","Nutrition","8-18692-00600-8",850339,"PEACEM","EA 4 OZ","STOMACH RESCUE","TPR","SN",$6.46,25%,$3.94,,$3.94,$7.99,51%
"TPR","Nutrition","8-18692-00850-7",483784,"PEACEM","EA 6 OZ","IONIC COLLOIDAL SILVE","TPR","SN",$9.82,25%,$5.98,,$5.98,$11.99,50%
"TPR","Nutrition","0-43952-00010-0",829960,"PINES","EA 10 OZ","WHEAT GRS PWDR 100%,O","TPR",,$15.65,20%,$12.72,,$12.72,$24.99,49%
"TPR","Nutrition","0-21888-10471-0",370189,"RBLITE","EA 30 TAB","JUST ONCE","TPR",,$5.41,20%,$4.40,,$4.40,$8.99,51%
"TPR","Nutrition","0-21888-10472-7",370221,"RBLITE","EA 60 TAB","JUST ONCE","TPR",,$10.43,20%,$8.48,,$8.48,$16.99,50%
"TPR","Nutrition","0-21888-10474-1",370247,"RBLITE","EA 120 TAB","JUST ONCE","TPR",,$18.04,20%,$14.67,,$14.67,$28.99,49%
"TPR","Nutrition","0-21888-10701-8",580183,"RBLITE","EA 30 TAB","JUST ONCE IRON-FREE","TPR",,$5.41,20%,$4.40,,$4.40,$8.99,51%
"TPR","Nutrition","0-21888-10702-5",580225,"RBLITE","EA 60 TAB","JUST ONCE IRON-FREE","TPR",,$10.43,20%,$8.48,,$8.48,$16.99,50%
"TPR","Nutrition","0-21888-10704-9",580241,"RBLITE","EA 120 TAB","JUST ONCE IRON-FREE","TPR",,$18.04,20%,$14.67,,$14.67,$28.99,49%
"TPR","Nutrition","0-21888-10881-7",966770,"RBLITE","EA 30 TAB","WOMENS ONE MULTI","TPR",,$5.41,20%,$4.40,,$4.40,$8.99,51%
"TPR","Nutrition","0-21888-10882-4",958249,"RBLITE","EA 90 TAB","WOMEN'S ONE MULTIVITA","TPR",,$12.64,20%,$10.28,,$10.28,$19.99,49%
"TPR","Nutrition","0-21888-10883-1",393819,"RBLITE","EA 150 TAB","WOMENS ONE MULTI","TPR",,$17.25,20%,$14.03,,$14.03,$27.99,50%
"TPR","Nutrition","0-21888-10891-6",966788,"RBLITE","EA 30 TAB","MENS ONE MULTI","TPR",,$5.41,20%,$4.40,,$4.40,$8.99,51%
"TPR","Nutrition","0-21888-10892-3",958256,"RBLITE","EA 90 TAB","MEN'S ONE MULTIVITAMI","TPR",,$12.64,20%,$10.28,,$10.28,$19.99,49%
"TPR","Nutrition","0-21888-10893-0",393694,"RBLITE","EA 150 TAB","MENS ONE MULTI","TPR",,$17.25,20%,$14.03,,$14.03,$27.99,50%
"TPR","Nutrition","0-21888-10901-2",966838,"RBLITE","EA 45 TAB","B-COMPLETE","TPR",,$4.40,20%,$3.58,,$3.58,$6.99,49%
"TPR","Nutrition","0-21888-10902-9",958298,"RBLITE","EA 90 TAB","B-COMPLETE","TPR",,$7.20,20%,$5.85,,$5.85,$11.99,51%
"TPR","Nutrition","0-21888-10951-7",958454,"RBLITE","EA 90 TAB","FOOD BASED CALCIUM","TPR",,$5.21,20%,$4.24,,$4.24,$8.49,50%
"TPR","Nutrition","0-21888-10952-4",453035,"RBLITE","EA 180 TAB","FOOD BASED CALCIUM","TPR",,$8.83,20%,$7.18,,$7.18,$13.99,49%
"TPR","Nutrition","0-21888-10971-5",107672,"RBLITE","EA 30 TAB","PRENATAL ONE MULTIVIT","TPR",,$6.01,20%,$4.89,,$4.89,$9.99,51%
"TPR","Nutrition","0-21888-10972-2",107698,"RBLITE","EA 90 TAB","PRENATAL ONE MULTIVIT","TPR",,$13.64,20%,$11.09,,$11.09,$21.99,50%
"TPR","Nutrition","0-21888-10976-0",393777,"RBLITE","EA 150 TAB","PRENATAL ONE MULTIVIT","TPR",,$18.05,20%,$14.68,,$14.68,$28.99,49%
"TPR","Nutrition","0-21888-10991-3",314013,"RBLITE","EA 30 TAB","ACTIVE SENIOR MULTI","TPR",,$6.01,20%,$4.89,,$4.89,$9.99,51%
"TPR","Nutrition","0-21888-10992-0",314039,"RBLITE","EA 90 TAB","ACTIVE SENIOR MULTI","TPR",,$13.64,20%,$11.09,,$11.09,$21.99,50%
"TPR","Nutrition","0-21888-11241-8",393579,"RBLITE","EA 30 TAB","MENOPAUSE ONE MULTI","TPR",,$6.01,20%,$4.89,,$4.89,$9.99,51%
"TPR","Nutrition","0-21888-11243-2",393611,"RBLITE","EA 90 TAB","MENOPAUSE ONE MULTI","TPR",,$13.64,20%,$11.09,,$11.09,$21.99,50%
"TPR","Nutrition","0-21888-11251-7",393470,"RBLITE","EA 30 TAB","ENERGIZER ONE MULTI","TPR",,$5.60,20%,$4.55,,$4.55,$8.99,49%
"TPR","Nutrition","0-21888-11253-1",393512,"RBLITE","EA 90 TAB","ENERGIZER ONE MULTI","TPR",,$13.64,20%,$11.09,,$11.09,$21.99,50%
"TPR","Nutrition","0-21888-11352-1",365114,"RBLITE","EA 60 SGEL","EVERYONE'S OMEGA F/F","TPR",,$11.53,20%,$9.37,,$9.37,$18.99,51%
"TPR","Nutrition","0-21888-20122-8",514224,"RBLITE","EA 60 TAB","VISION ONE MULTIVITAM","TPR",,$12.02,20%,$9.77,,$9.77,$19.49,50%
"TPR","Nutrition","0-22506-00035-3",150946,"SPCESN","EA 24 OZ","FLAX OIL,OG,ENRCH W/L","TPR",,$13.70,15%,$11.82,,$11.82,$21.99,46%
"TPR","Nutrition","0-22506-00201-2",936161,"SPCESN","EA 16 OZ","FLAX OIL,OG,ENRCH W/L","TPR",,$10.31,15%,$8.90,,$8.90,$16.99,48%
"TPR","Nutrition","0-22506-00213-5",940999,"SPCESN","EA 24 OZ","FLAX OIL,OG,(REFRIG)","TPR",,$13.70,15%,$11.82,,$11.82,$21.99,46%
"TPR","Nutrition","0-22506-00320-0",106757,"SPCESN","EA 8 OZ","FLAX BORAGE OIL,OG","TPR",,$9.48,15%,$8.17,,$8.17,$14.99,45%
"TPR","Nutrition","0-22506-12005-1",895805,"SPCESN","12/8 OZ","FLAX OIL,OG,(REFRIG)","TPR",,$69.58,15%,$60.02,,$5.00,$9.99,50%
"TPR","Nutrition","0-22506-12016-7",157586,"SPCESN","EA 16 OZ","FLAX OIL,OG,(REFRIG)","TPR",,$10.31,15%,$8.90,,$8.90,$16.99,48%
"TPR","Nutrition","0-22506-12205-5",345249,"SPCESN","EA 8 OZ","FLAX OIL,OMG3,OG,CIN-","TPR",,$6.24,15%,$5.38,,$5.38,$9.99,46%
"TPR","Nutrition","0-22506-12357-1",381871,"SPCESN","EA 8 OZ","FLAX OIL,OG,SHELF STA","TPR","N/A IA",$5.07,15%,$4.38,,$4.38,$7.99,45%
"TPR","Nutrition","0-22506-12605-3",527820,"SPCESN","12/8 OZ","FLAX OIL,OG,ENRCH W/L","TPR",,$69.58,15%,$60.02,,$5.00,$9.99,50%
"TPR","Nutrition","0-22506-13101-9",559575,"SPCESN","EA 8 OZ","FLAX OIL,OG,ULTRA LIG","TPR",,$5.80,15%,$5.00,,$5.00,$9.99,50%
"TPR","Nutrition","0-22506-13102-6",342949,"SPCESN","EA 16 OZ","FLAX OIL,OG,ULTRA LIG","TPR",,$10.31,15%,$8.90,,$8.90,$16.99,48%
"TPR","Nutrition","0-22506-13103-3",559518,"SPCESN","EA 24 OZ","FLAX OIL,OG,ULTRA LIG","TPR",,$13.70,15%,$11.82,,$11.82,$21.99,46%
"TPR","Nutrition","0-22506-13520-8",559492,"SPCESN","EA 8 OZ","FLAX OIL,OG,LEMON","TPR",,$6.23,15%,$5.37,,$5.37,$9.99,46%
"TPR","Nutrition","0-22506-13525-3",831461,"SPECWF","EA 8 OZ","FLAX POMEGRANATE OIL,","TPR",,$6.35,15%,$5.40,,$5.40,$9.99,46%
"TPR","Nutrition","0-22506-22660-9",883579,"SPCESN","EA 8 OZ","FLAX OIL W/DHA (REFRI","TPR",,$8.09,15%,$6.97,,$6.97,$12.99,46%
"TPR","Nutrition","0-22506-22661-6",883595,"SPCESN","EA 16 OZ","FLAX OIL W/DHA (REFRI","TPR",,$15.73,15%,$13.56,,$13.56,$24.99,46%
"TPR","Nutrition","7-19985-33328-6",333,"Vitamer Labs","12/50 CT","Bio C Caps 500 mg ","TPR","Direct",$54.12,15%,$46.00,,$3.83,$7.69,50%
"TPR","Nutrition","7-19985-33340-8",333,"Vitamer Labs","12/100 CT","Bio C Caps 500 mg ","TPR","Direct",$98.76,15%,$83.94,,$7.00,$13.99,50%
"TPR","Nutrition","7-19985-33361-3",333,"Vitamer Labs","6/250 CT","Bio C Caps 500 mg ","TPR","Direct",$102.90,15%,$15.43,,$2.57,$4.99,48%
"TPR","Nutrition","7-19985-36031-2",360,"Vitamer Labs","12/60 CT","Organic Vitamin C 120 mg Veg Tabs","TPR","Direct",$105.96,15%,$90.06,,$7.51,$14.99,50%
"TPR","Nutrition","7-19985-36034-3",360,"Vitamer Labs","12/90 CT","Organic Vitamin C 120 mg Veg Tabs","TPR","Direct",$139.92,15%,$118.93,,$9.91,$19.99,50%
"TPR","Nutrition","7-19985-51425-9",514,"Vitamer Labs","12/30 CT","Basic Multi Veg Tabs","TPR","Direct",$38.16,15%,$32.43,,$2.70,$5.49,51%
"TPR","Nutrition","7-19985-51431-9",514,"Vitamer Labs","12/60 CT","Basic Multi Veg Tabs","TPR","Direct",$63.24,15%,$53.75,,$4.48,$8.99,50%
"TPR","Nutrition","7-19985-51434-0",514,"Vitamer Labs","12/90 CT","Basic Multi Veg Tabs","TPR","Direct",$89.64,15%,$76.19,,$6.35,$12.79,50%
"TPR","Nutrition","7-19985-51449-4",514,"Vitamer Labs","12/180 CT","Basic Multi Veg Tabs","TPR","Direct",$149.40,15%,$126.99,,$10.58,$19.99,47%
"TPR","Nutrition","7-19985-98031-2",980,"Vitamer Labs","12/60 CT","Ginkgo Biloba 60 mg Veg Caps","TPR","Direct",$58.08,15%,$49.36,,$4.11,$8.49,52%
"TPR","Nutrition","7-19985-98043-5",980,"Vitamer Labs","12/120 CT","Ginkgo Biloba 60 mg Veg Caps","TPR","Direct",$103.20,15%,$87.72,,$7.31,$14.69,50%
